sample_id,VIM,CDH2,SNAI1,SNAI2,ZEB1,ZEB2,FN1,TWIST1,MMP2,MMP9,TGFB1,COL1A1,COL1A2,ACTA2,FAP,PDGFRB,CDH1,EPCAM,KRT5,KRT14,KRT8,KRT18,DSP,CLDN1,CLDN4,OCLN,TJP1,ACTB,GAPDH,TUBB,RPL13A,B2M,HPRT1,PPIA,YWHAZ,subtype_full,subtype
TCGA-CR-7383-01,14.9215,6.4841,6.9269,11.4451,9.2438,9.3489,16.1369,7.5165,14.1542,11.3394,11.643,17.9084,16.9887,11.7317,10.1255,12.4602,12.3131,10.4952,18.2136,18.2909,10.035,11.2078,14.7832,13.0328,10.2756,4.9869,10.8733,16.8256,16.9559,15.0936,13.0209,16.2094,10.4062,12.0382,15.3033,Mesenchymal,MS
TCGA-CR-7398-01,13.198,8.9583,6.2494,11.1862,8.8282,9.0793,16.055,6.9635,13.6455,11.0387,10.6115,17.1491,16.3706,11.5144,9.2706,12.1381,13.384,13.1087,17.1038,14.6478,14.9347,13.4548,16.3003,12.7737,9.9393,7.7778,11.1999,16.4777,17.4388,15.1201,12.753,14.3135,9.451,12.0083,14.9514,Classical,Other
TCGA-CR-6481-01,14.5517,5.4806,5.7642,9.9784,8.5042,10.2983,14.0223,6.2773,11.2009,13.1373,11.7267,15.056,14.5252,10.3554,7.6453,11.6819,13.076,8.4845,18.6338,16.7993,13.1385,11.9921,15.3871,12.7445,11.9095,9.4614,11.7135,17.3291,16.571,15.1404,13.448,16.22,9.6843,11.9734,14.1936,Atypical,Other
TCGA-CR-7395-01,14.2681,5.1266,6.8283,11.0661,8.6808,9.3055,14.8105,6.9257,13.0786,12.2769,12.0694,16.8855,15.9712,10.9519,8.5837,11.983,13.8041,7.0488,19.344,19.6712,8.0236,8.0511,16.9955,9.1418,11.0801,3.1606,11.6004,17.6532,16.2928,14.4108,13.1599,16.4826,9.5349,12.59,14.9747,Basal,Other
TCGA-CV-7427-01,13.2078,2.3664,6.1838,10.2088,7.3264,8.7933,12.9503,5.4634,10.6942,10.1487,11.7492,13.9803,13.2928,9.2807,8.8944,10.0007,14.0659,6.5783,18.8255,18.7852,9.9101,10.3127,17.1706,12.6015,12.2299,9.25,12.0637,17.3803,15.8314,14.0724,13.0216,16.9171,9.3232,12.1018,15.7149,Basal,Other
TCGA-CV-6436-01,14.1096,3.397,5.931,10.7683,7.0713,7.4455,11.1828,7.7385,10.6276,10.0141,11.8247,14.366,12.9512,10.7275,6.1405,9.9607,13.0177,8.6165,19.9097,20.7927,10.8032,13.2824,15.7998,11.7753,11.7298,6.8152,10.4653,18.6032,17.8815,15.0283,14.0783,15.8772,10.4773,13.9616,15.8004,Basal,Other
TCGA-CV-7177-01,13.9554,6.5804,6.7792,10.5507,9.6511,8.8881,16.8757,7.7865,14.2569,12.4259,11.4972,18.3872,17.6511,12.5493,9.9426,12.848,14.8011,10.6954,18.0465,17.7058,9.6932,10.6725,16.7547,12.7023,13.7506,7.9188,12.056,17.0021,16.9054,14.1512,12.4163,14.1925,9.8627,12.3854,14.7975,Classical,Other
TCGA-DQ-5631-01,13.0462,10.2495,5.8928,11.38,8.7318,8.7597,18.0923,7.2025,12.2486,11.5201,11.3221,16.3899,16.2124,11.4318,10.4307,11.9647,13.1959,10.5297,18.0307,17.9939,13.5078,12.6455,15.0763,13.2854,9.0814,3.0222,11.1568,17.116,15.7191,14.8249,11.8205,14.9212,10.5249,12.4427,15.3748,Mesenchymal,MS
TCGA-CR-7365-01,13.4804,7.0355,6.742,11.4133,8.9167,8.803,17.1271,7.9596,14.1346,14.0044,12.602,17.7761,16.8461,10.2069,9.8577,11.598,13.8102,8.7138,19.4625,19.748,9.9685,11.5733,17.4025,12.3953,11.5973,7.0683,11.842,17.4716,16.3756,14.3128,12.412,15.7798,9.7192,12.4016,15.6669,Basal,Other
TCGA-CV-6937-01,13.3532,5.8972,6.3139,10.7999,7.5175,7.7337,14.1668,7.7205,12.7901,12.8823,12.3731,17.2778,16.0286,11.7061,9.7503,10.7988,12.3092,11.2933,17.5906,16.8208,12.7526,12.4708,15.224,12.5138,10.8108,6.0452,10.273,17.5055,16.9631,14.1776,14.3497,15.1077,9.9719,12.5616,15.7716,Classical,Other
TCGA-CN-4728-01,15.9544,8.0516,8.5831,10.1884,10.6199,10.9229,17.8144,9.1581,14.8273,15.4466,11.7387,19.2595,18.3931,12.7065,11.1323,13.2515,13.6171,9.2662,16.5038,16.0625,11.1074,11.1187,14.9033,12.7929,12.3305,8.3878,11.2125,17.1818,16.3938,13.9653,13.0321,16.2384,9.1075,12.078,14.4927,Mesenchymal,MS
TCGA-CR-7401-01,14.7459,7.0504,7.5734,11.7345,9.3043,9.1938,15.9663,7.9875,14.5166,9.6423,11.8088,18.4851,17.7132,11.8383,10.6721,13.1102,13.2847,6.5957,19.6837,20.2745,6.8065,9.9071,16.969,11.9786,10.4925,6.8623,11.2225,16.9522,16.6447,14.68,13.163,16.2012,9.4673,12.4458,15.7808,Basal,Other
TCGA-CV-5976-01,13.6787,8.2257,6.7099,10.7363,7.9599,8.0995,16.8586,7.4574,13.3689,11.4456,11.8527,16.6015,15.5896,11.0318,10.631,11.3545,13.4439,9.8616,17.9005,17.6988,10.2762,11.529,16.4689,12.2705,11.5044,5.6466,11.4259,17.1761,16.5901,14.8905,13.1722,15.603,9.6449,11.3915,16.152,Basal,Other
TCGA-CV-7254-01,14.7972,4.7153,8.5172,9.8734,10.1632,9.9652,15.7706,8.4311,14.1124,13.3577,11.3677,17.8008,16.9993,12.4398,10.535,12.0128,11.4802,12.6847,16.2045,13.7547,13.0482,11.6873,13.7859,14.5144,12.2323,6.63,10.5222,16.5542,16.7548,14.3038,13.5652,16.4684,11.1891,11.9681,14.4027,Mesenchymal,MS
TCGA-CR-6470-01,14.0152,5.7893,6.1079,10.1737,8.7547,9.3688,14.9264,9.3744,12.7176,11.4529,11.4232,16.905,16.2528,10.9849,8.3814,11.8845,13.135,10.3122,18.2296,9.1243,13.2117,11.4652,16.0062,15.2157,11.4921,5.9183,10.9064,16.7902,16.2357,14.6982,12.9353,15.7331,9.1814,12.1712,14.4461,Atypical,Other
TCGA-CV-7437-01,12.3492,5.0168,4.2568,10.0957,7.5619,6.993,13.2898,6.1991,11.4905,8.1777,11.9782,14.8441,13.5719,10.2522,7.0945,9.9473,13.6472,11.64,18.6144,16.5911,14.2472,13.3831,15.3783,15.2335,13.4231,7.9019,10.4729,17.4918,17.8075,14.2821,13.4795,15.2584,11.3636,12.0067,14.8324,Classical,Other
TCGA-CV-7411-01,13.417,5.5287,5.9811,10.8143,7.7203,8.0761,14.822,8.1318,13.2242,11.1672,12.2529,17.0346,16.0776,11.2984,9.0577,11.0863,14.408,7.7843,20.1731,20.9206,8.545,9.519,18.3596,13.4917,13.0163,8.663,12.2065,17.7007,17.0773,14.0698,13.4863,15.6513,9.1002,12.5648,15.6934,Basal,Other
TCGA-CV-7415-01,14.5243,8.3829,7.3485,11.1442,8.4741,8.3199,15.147,8.3945,14.1284,13.0498,11.633,17.2456,16.3126,12.541,9.5046,11.5173,13.6077,10.1575,18.3897,19.3837,10.1875,10.5493,16.6531,13.1733,9.6223,6.0482,11.3094,17.4727,16.2016,14.5361,13.0335,17.0567,10.4115,12.1123,15.5403,Mesenchymal,MS
TCGA-CN-6988-01,11.4218,2.7472,5.7805,10.0404,7.2206,7.2847,12.8885,4.9015,11.3108,8.2168,11.2983,14.8544,13.9754,10.3936,6.9488,10.2621,13.8272,10.0408,16.8142,16.7825,10.8298,12.7179,15.8225,14.6341,14.0341,9.2939,12.1979,16.1507,15.99,13.2696,12.7178,13.5936,9.6962,12.1977,14.4753,Atypical,Other
TCGA-CV-5444-01,14.8158,6.9773,8.3465,11.286,10.1183,10.2119,17.376,8.8595,14.9306,11.5646,11.9127,18.705,18.0783,12.2624,10.6983,13.3088,11.7467,7.9484,18.0765,18.0436,4.8829,9.8186,15.1043,11.4396,9.3587,5.1085,10.7867,16.5933,15.8055,13.8735,12.9269,16.4805,8.8265,12.3159,14.4254,Mesenchymal,MS
TCGA-CN-5365-01,12.8776,4.3,6.7572,10.9531,6.6367,7.4973,12.1927,5.9246,11.4894,10.3939,12.5464,14.6962,13.6878,10.0516,7.7687,10.1306,13.3474,10.522,19.8363,20.5112,8.0502,10.8517,16.9519,14.1332,10.5704,6.5828,10.753,17.8636,16.5827,16.2683,12.8789,16.8356,9.8201,13.5663,15.5134,Basal,Other
TCGA-DQ-5624-01,13.947,6.4873,7.6915,11.7523,8.8435,8.9383,15.0251,9.1383,14.2538,12.4463,12.6219,16.3933,15.9135,10.712,11.6496,12.2583,13.3945,8.1798,18.3196,18.4135,11.7128,11.9715,18.5332,14.69,13.1449,7.7466,11.3006,17.2432,16.4469,13.8968,12.891,15.9306,9.4193,12.6898,15.8489,Basal,Other
TCGA-CR-7370-01,12.922,4.8261,6.441,10.9855,9.6174,9.1698,14.4333,7.1158,12.7128,8.9833,10.8645,15.7693,14.9489,10.9342,9.2712,12.395,12.4613,11.8568,17.0865,15.4737,13.2791,11.8144,15.8855,13.2435,11.8719,7.6759,11.1304,16.272,15.6315,14.0806,12.5309,15.0037,9.8624,11.3584,15.234,Classical,Other
TCGA-BA-5559-01,13.851,6.1055,6.1749,9.1494,9.3758,9.9251,15.6243,7.2261,12.7658,10.9542,10.832,16.6566,15.9431,10.7839,8.9261,11.1608,12.2055,9.713,17.6899,5.2168,12.9919,12.1576,15.0337,13.3301,11.0182,6.738,11.0987,16.5173,16.6085,14.2337,12.9513,16.2101,9.5658,11.3964,13.9206,Atypical,Other
TCGA-CV-7247-01,14.2751,5.7466,6.5145,11.0451,8.7054,8.2457,14.7428,8.5674,12.4775,12.2802,11.002,16.3497,16.3538,11.8821,9.6405,10.337,12.1589,9.5661,18.989,18.9301,11.0378,11.3589,15.4205,13.333,9.2714,4.4193,11.289,17.5344,17.4257,15.294,12.7726,14.601,10.4475,12.9592,14.9784,Classical,Other
TCGA-CR-7391-01,14.7303,5.9847,6.8758,10.2521,9.3987,10.2469,14.8338,7.4062,13.9042,13.0768,11.4601,16.9025,16.1365,10.868,9.3451,12.3899,13.3655,7.0116,18.7416,19.4408,8.4506,10.1661,17.9465,11.1493,11.7212,8.1963,12.307,17.0557,15.8955,14.1073,13.2082,15.8728,8.9799,12.0282,15.3777,Atypical,Other
TCGA-DQ-7591-01,13.0479,3.9745,9.8897,8.1117,7.6905,8.1916,12.4746,8.6047,9.8514,10.1759,10.2867,13.658,12.8312,10.1179,6.3252,9.8379,12.3166,10.6369,17.6663,10.079,11.809,12.0602,16.6283,13.4546,12.1224,7.481,11.4445,16.5065,19.6824,14.7359,13.7478,16.3303,10.973,12.4204,14.2732,Atypical,Other
TCGA-CN-5374-01,13.5297,4.88,5.2948,9.4296,7.343,8.1719,11.7102,5.6451,10.5458,10.8479,10.7212,13.6933,12.9323,10.124,7.2297,10.0911,12.5784,11.4318,18.0218,14.2013,11.672,12.5119,15.6762,13.3204,11.4908,7.9177,11.3532,16.812,16.3053,14.6678,14.0491,15.9663,9.9537,11.8707,14.3051,Atypical,Other
TCGA-CR-7369-01,12.9255,5.5732,6.8385,10.4378,8.2248,8.8506,13.875,7.7859,13.162,11.5319,11.7453,16.2003,15.4645,10.2388,9.3762,11.3036,13.9674,8.9257,18.2604,18.1577,9.6725,11.2866,16.3821,12.8909,12.2652,7.2231,12.1436,16.9827,15.9565,14.2481,12.1003,14.8683,10.1429,12.2567,15.8735,Atypical,Other
TCGA-BA-6868-01,13.3718,9.6618,7.4877,11.5947,6.3145,7.5833,19.6705,8.4873,13.5985,15.4883,12.5927,16.6532,15.3602,10.7443,10.4376,10.5823,12.7249,9.4317,17.7133,17.597,13.9321,12.9623,15.938,14.407,11.7466,5.4756,10.8422,17.9298,17.2202,15.495,12.6186,15.9014,9.8056,12.3476,14.5719,Classical,Other
TCGA-F7-7848-01,12.8048,3.0091,5.9159,9.7433,8.6125,8.7406,13.3064,7.4938,12.5856,10.7593,12.0369,15.4241,14.8351,10.1782,8.0429,11.2534,13.3808,10.7274,17.0644,16.4693,10.4532,10.1986,16.284,13.8186,12.2959,7.0565,12.0969,16.3958,15.7066,14.517,12.8672,14.0843,9.6918,11.8744,15.0333,Atypical,Other
TCGA-CR-7376-01,15.4719,7.5525,8.4043,10.5132,10.3615,11.3899,17.8726,8.9266,15.8485,13.0566,11.9553,19.4714,18.5927,11.9318,11.3809,13.6317,12.2248,7.3591,17.7169,17.699,9.0801,9.7554,15.6091,11.7364,11.3953,7.2046,11.3133,16.9378,15.2768,14.3964,12.4423,16.7418,9.0104,11.6164,14.9387,Mesenchymal,MS
TCGA-CV-7421-01,15.1876,5.6798,7.4761,10.2173,9.5285,8.3921,16.0623,9.2379,15.0949,12.3976,11.7697,16.7014,15.7798,12.7229,9.9855,12.0406,12.807,12.3716,17.0285,17.6158,14.9352,12.9873,14.6853,13.3189,14.0522,8.1772,10.9256,16.8096,16.9178,14.4916,13.1144,14.7753,9.5136,12.4683,15.6847,Classical,Other
TCGA-CQ-5325-01,14.4431,3.8398,6.0965,11.1187,9.3113,9.7718,15.102,6.9852,13.6143,11.5432,12.2137,17.0241,16.088,10.2035,8.7803,12.214,13.0003,7.6193,18.7891,19.2323,10.1692,10.8518,16.272,12.5464,11.0842,5.356,11.1073,16.9548,16.287,14.2713,12.4531,17.3428,9.6957,12.3326,15.244,Mesenchymal,MS
TCGA-CV-7433-01,14.8494,7.464,7.9793,10.2562,9.2582,9.8379,17.3186,8.6188,15.3468,12.0131,12.7253,18.8442,17.9653,12.752,10.6746,12.7195,14.0244,8.8112,18.2768,18.8913,12.0423,11.5823,16.0068,15.1902,11.047,6.1574,11.6216,17.536,16.3665,14.8174,12.9017,17.0699,9.8139,12.3312,15.5679,Mesenchymal,MS
TCGA-CN-6012-01,13.7268,4.1309,6.4334,10.0641,8.7146,8.9641,14.0044,6.3272,12.6399,11.3145,10.8457,15.4229,14.4991,10.3442,7.842,11.4704,12.9017,12.6278,18.1497,14.1036,13.8622,12.6021,15.8282,12.6238,13.3,7.7658,11.3509,16.6959,16.7066,14.5943,12.4979,15.4352,9.704,12.1503,14.4395,Atypical,Other
TCGA-CN-4729-01,13.5995,4.6303,7.5004,11.2652,8.3612,9.0076,13.9653,7.1001,13.0427,10.0708,11.6264,16.5014,15.8105,10.854,8.9554,11.8769,13.3963,9.8421,18.7624,18.7096,11.9075,12.9326,16.3383,12.559,12.462,8.3054,12.611,17.4628,16.9662,14.2995,13.1609,16.2283,9.1525,12.541,15.746,Basal,Other
TCGA-CV-5979-01,15.8797,8.1381,5.7403,11.0108,7.5117,8.1904,16.7452,6.9305,14.0726,8.1429,12.3109,15.4691,14.7207,8.7407,10.3648,9.4453,13.4423,8.8975,18.9117,19.6856,13.2081,12.0862,16.4209,11.778,8.7326,3.6255,10.2867,17.4863,17.4593,15.1539,12.3098,16.5245,10.3035,12.4184,14.7473,Basal,Other
TCGA-CR-7388-01,13.8219,5.961,6.8933,10.4045,8.9708,9.5922,14.5306,6.7662,13.3537,11.1425,11.3603,16.576,15.78,10.4721,8.9663,12.2207,14.3802,9.3751,18.0251,17.6472,11.4347,10.8041,15.9915,12.909,12.4155,8.3025,11.6078,16.666,16.138,14.3506,13.0357,15.3997,9.5407,11.7874,15.1307,Atypical,Other
TCGA-CV-7180-01,11.9022,1.0987,4.7068,10.3374,5.888,5.6949,10.1282,7.6738,11.7233,8.9438,11.4589,12.8443,11.7651,8.8866,7.0904,8.8452,13.5392,8.8612,19.6352,19.9907,11.966,11.5974,16.7869,11.6396,12.6198,5.9018,11.2617,17.5464,16.477,14.4133,13.3018,15.7708,10.1348,13.2611,15.5424,Basal,Other
TCGA-CR-6492-01,13.0986,3.0704,5.8689,10.6872,7.778,8.2615,12.3386,6.4485,12.2317,9.6231,12.0899,15.1111,14.0303,10.5809,9.417,11.0042,13.5414,8.9108,18.7508,18.8903,10.9685,11.7043,16.3492,12.04,11.8661,7.6723,11.8029,17.2298,16.0483,14.2525,13.0578,16.273,9.328,12.3848,15.1946,Atypical,Other
TCGA-CN-6992-01,13.2006,3.3626,7.0399,9.9295,9.3064,8.9133,14.6598,7.0588,12.3537,10.9621,10.8951,15.5621,14.8073,10.0491,8.9425,11.8748,14.0374,13.1027,16.8779,15.2606,14.0035,12.6355,15.8905,11.0287,11.9697,8.5731,11.9462,16.0898,16.4933,14.3642,12.4024,14.7979,10.2552,12.4527,14.9464,Classical,Other
TCGA-CR-7373-01,14.6012,2.6375,6.7705,11.9045,7.6318,8.9607,13.3541,7.0799,11.6852,12.1375,11.2764,14.8801,13.3757,9.4309,9.7358,10.8255,13.2219,6.0505,19.36,19.0402,12.3503,12.1913,15.718,10.5076,9.3353,6.3891,11.8189,17.7192,16.781,14.5348,12.6257,16.2435,10.1414,12.4726,14.8472,Basal,Other
TCGA-CR-7371-01,13.4337,7.5874,7.3407,9.8526,8.9991,9.5506,13.9678,6.7883,13.5252,11.0035,11.443,16.3101,15.5522,10.0497,8.8005,12.1917,14.3327,11.3828,17.3296,15.9096,13.5586,12.5445,15.1171,12.5252,12.7094,8.427,11.3209,16.6502,16.2195,14.1404,12.5788,15.6478,10.1463,11.7155,14.941,Atypical,Other
TCGA-BA-4074-01,13.8367,7.2339,8.3014,11.9476,9.4201,8.1314,16.5413,8.1953,11.8585,11.061,11.4195,16.2587,15.9758,12.957,11.4044,11.5295,12.6562,11.8036,16.3867,16.2222,12.9913,12.7025,13.3461,14.8275,7.2078,3.7368,10.2594,17.5416,17.1692,14.9107,13.4705,17.5583,11.8318,14.8421,15.381,Mesenchymal,MS
TCGA-CV-7435-01,14.5747,8.2955,7.0504,10.7939,10.0303,10.1138,17.4725,8.0922,14.4016,13.4509,11.6409,18.9481,18.1542,12.5751,10.7886,12.5895,14.3227,10.9654,16.993,17.2926,11.2642,11.3391,16.4276,12.4395,11.0929,6.45,11.3351,17.155,16.4484,15.0342,12.6924,16.0446,10.32,11.8972,14.2793,Mesenchymal,MS
TCGA-CN-6021-01,12.8911,2.2524,6.6345,9.3431,7.6511,8.1749,12.2719,5.8798,12.8332,8.7006,10.0393,14.8489,14.1866,9.998,6.8081,10.9604,13.6489,11.9862,18.3743,16.2932,15.1905,13.3974,17.3593,12.0532,14.3909,9.9126,11.5046,16.9166,15.7676,14.8445,12.8623,13.5402,9.3843,11.8366,15.1024,Atypical,Other
TCGA-D6-6825-01,14.0527,4.1354,8.0151,10.3497,8.8988,9.9039,14.7662,6.5687,13.0107,11.9653,11.9754,15.9316,15.3537,8.7281,9.8481,11.4936,14.0313,8.7717,18.6233,18.9328,10.0841,10.2052,17.3519,11.5516,10.8971,5.8537,12.2984,16.828,16.0085,14.5053,12.4167,16.7583,10.1736,11.6919,15.0419,Basal,Other
TCGA-CN-6998-01,12.6536,3.1962,6.7339,10.9717,7.3665,7.5306,12.398,5.5808,10.789,11.1619,12.3744,13.9396,12.5829,6.9129,9.2303,9.3083,13.9317,8.9986,18.8393,19.7932,4.6932,8.9916,17.8849,12.6097,10.9589,6.9482,11.1174,17.2079,17.0821,14.4124,12.9177,15.9665,9.5002,12.077,16.5623,Basal,Other
TCGA-CV-6948-01,12.8307,4.2738,5.3298,9.6562,7.4822,8.3196,13.8597,5.7753,10.6067,11.3698,10.3152,15.1097,14.0327,10.8142,7.7081,10.1923,13.4791,12.2791,18.4072,17.2501,14.3866,12.3335,15.289,12.0622,11.0946,6.7237,10.5804,16.4969,17.2168,14.9858,14.4883,13.9245,10.8506,12.5399,15.8376,Atypical,Other
TCGA-HD-7754-01,13.4873,6.6589,6.1846,9.7266,9.1545,9.3391,16.5491,7.6046,13.3173,10.7372,10.585,17.8766,17.1731,11.8602,10.3129,12.3498,14.2088,11.1656,17.0103,12.8879,12.2124,11.5666,15.9857,14.1902,13.7577,9.9876,12.0628,16.2863,16.1948,13.8689,11.8099,13.7755,9.042,11.4667,14.5185,Atypical,Other
TCGA-CV-7434-01,13.2139,1.1081,6.8115,11.6057,6.4791,7.4897,12.3756,7.4297,11.3561,8.8735,11.9365,15.3391,14.3364,9.2706,9.4403,10.1138,12.7162,8.9519,19.5458,19.7846,11.6503,11.3296,17.1117,14.0793,8.6046,5.7794,11.1969,16.6311,17.307,14.3047,12.7403,16.3331,9.4427,12.5455,16.2007,Basal,Other
TCGA-CN-4736-01,14.5678,5.5202,6.2549,10.7288,9.7426,9.9583,15.4172,7.7928,12.8978,13.5625,11.4166,17.1871,16.3352,11.7373,9.6899,11.8966,12.7686,8.1305,18.3801,18.8639,6.6179,10.2489,16.1767,13.1647,10.3946,6.9072,11.7715,17.038,16.2788,14.3233,13.054,16.8944,9.2155,11.7707,15.0364,Mesenchymal,MS
TCGA-BA-7269-01,13.8329,6.6908,6.5898,10.5738,7.9803,8.1343,15.1291,8.4194,13.3752,13.4163,11.7899,17.505,16.5732,12.8228,9.9132,11.1609,12.2199,11.9208,15.7008,16.6029,14.1106,12.8999,14.2669,12.8578,12.7687,4.0849,9.8079,17.5157,16.5514,14.8391,14.3536,15.2223,10.628,13.0211,15.3292,Classical,Other
TCGA-CV-6433-01,13.8468,1.401,5.662,9.7686,8.0577,7.9249,11.747,6.0581,9.3622,11.4477,10.8318,12.953,11.5666,10.293,5.062,8.0641,12.2953,10.0354,17.0992,9.7238,13.1109,12.9845,13.7698,15.9765,11.8856,5.9759,10.9093,17.1405,16.7938,14.3569,12.2216,16.6154,10.3357,12.3913,14.4901,Atypical,Other
TCGA-CR-7385-01,12.9153,2.8377,5.0191,9.5634,7.354,8.6706,11.8165,6.1433,10.5676,11.2667,11.1716,13.9467,13.1488,8.9231,6.3386,9.8324,13.915,10.5288,18.6044,13.56,12.7427,11.9226,16.2164,13.8669,12.7715,8.4117,12.1841,16.8227,16.2399,14.8797,12.9469,15.1781,9.7455,12.0555,14.4455,Atypical,Other
TCGA-CV-6441-01,10.5777,2.9107,3.5149,10.4823,7.0805,6.8108,10.5166,6.7883,8.0081,6.5346,10.6202,10.3872,9.4977,9.1271,4.0944,6.8656,12.2538,10.9353,17.0471,15.3856,13.4549,12.545,14.5285,14.8058,11.8652,7.6475,10.0625,16.2559,16.0734,14.0433,14.2991,16.3485,10.0513,12.5611,14.4244,Atypical,Other
TCGA-CV-5978-01,15.0427,7.5406,6.6548,10.5027,9.3971,10.274,16.9743,6.8317,14.3027,15.4058,11.0736,17.8383,17.2841,12.7074,10.5204,12.1883,13.9402,11.5948,17.0557,13.8551,12.5646,11.5272,15.0989,12.1115,11.9368,7.0555,11.5892,16.6802,16.2413,14.0821,12.5529,15.8414,10.1558,11.8839,15.157,Classical,Other
TCGA-CN-6017-01,14.8079,5.2667,8.5322,10.301,10.7308,10.3648,14.7794,8.3906,13.6901,11.5328,11.4972,17.6301,16.7397,11.4026,9.0978,12.1996,11.6389,6.4893,17.553,17.4828,9.1456,10.8743,14.7714,11.6583,8.6384,3.7131,10.8888,17.1276,16.5275,14.2403,12.7151,16.6994,8.9029,11.5356,14.4799,Mesenchymal,MS
TCGA-CN-5367-01,13.6836,5.063,6.2893,11.1672,7.8904,8.1279,14.1744,6.4121,11.6552,12.1883,11.523,15.8511,14.9679,12.2131,10.0238,10.7857,12.9177,10.7205,19.2052,18.8491,10.5803,11.3155,17.2388,13.6973,9.3621,5.1282,11.2323,17.1298,16.2455,15.4913,12.3898,15.8514,10.6912,12.3795,14.9559,Basal,Other
TCGA-CV-7252-01,13.5124,6.1763,7.6453,10.9542,8.3179,8.8875,15.3055,7.281,12.8898,10.5753,12.4609,16.3441,15.6654,12.0275,9.508,11.744,14.0388,8.8013,19.0627,19.1776,8.6885,11.8832,16.6207,12.4383,9.1167,2.5652,11.8465,17.4273,16.5198,14.9253,13.1344,16.4911,9.4322,12.6885,15.1985,Basal,Other
TCGA-CX-7219-01,14.6886,6.8778,7.4146,10.8196,9.2321,9.7248,16.6006,8.4266,13.3812,12.0992,11.6543,17.8516,16.9628,11.334,10.4627,12.4741,12.9347,8.9636,16.8412,17.0918,9.2484,11.775,16.4642,14.4615,11.8783,7.3336,11.0119,17.2159,16.091,14.7085,13.1534,15.6044,8.653,12.3178,15.6736,Mesenchymal,MS
TCGA-CR-7382-01,15.1021,9.946,7.8005,11.2692,10.4822,11.0833,18.7196,8.4242,14.7826,12.1368,11.6128,18.16,17.427,12.0904,10.703,13.989,12.0295,7.7274,15.8545,15.2159,12.3255,12.5631,14.7569,10.0024,10.5255,3.9525,11.7,17.4805,15.5328,14.7455,12.4545,16.018,8.7485,12.0696,14.5614,Mesenchymal,MS
TCGA-CV-6953-01,12.5728,1.8397,5.8677,10.1892,7.1389,7.9615,11.7752,6.2069,10.7044,10.5835,12.5448,13.7748,13.2294,9.5662,7.152,9.8362,14.3818,8.1953,19.2882,19.2594,5.6448,10.6435,17.735,12.6869,12.6094,7.8691,12.6218,17.6138,16.8472,13.9833,14.583,14.0596,9.7097,13.4848,16.3172,Basal,Other
TCGA-CN-6022-01,14.9744,9.4849,7.7927,10.7211,10.1558,9.8609,16.9205,8.5624,13.0846,13.6416,11.9239,17.7249,16.7406,12.2908,10.3974,12.6297,12.0044,9.6289,15.4533,15.2422,11.9279,11.8632,14.0323,9.4983,9.4131,6.366,11.642,17.6067,16.7811,15.1441,13.161,15.1981,9.4333,12.6834,14.4146,Mesenchymal,MS
TCGA-CQ-6221-01,16.1878,8.6607,7.5794,11.522,10.5608,11.2347,18.9934,11.9014,16.6554,14.3628,12.1512,20.2177,19.5052,12.8667,12.6087,13.9441,2.5678,3.5048,8.6642,6.9964,8.2495,9.0638,7.4058,10.0448,3.8877,1.9846,11.6302,17.5941,16.1778,15.6285,13.4541,16.0694,9.0523,11.7343,13.5427,Mesenchymal,MS
TCGA-HD-7753-01,13.1618,7.6886,7.3048,11.5564,8.5841,9.0828,16.2193,7.9583,14.3021,10.6946,12.1809,16.8794,15.7529,11.0652,10.3192,12.0192,13.6174,7.6055,19.2095,19.3316,10.6266,10.4223,16.624,13.3447,9.9426,4.0539,12.029,17.5328,16.0228,15.3876,12.3795,16.3418,10.2617,12.5408,14.9599,Basal,Other
TCGA-CN-6020-01,13.8093,6.9033,7.8866,10.5603,8.7417,9.4277,15.3579,7.7786,13.9602,12.0014,11.6456,17.2656,16.3774,10.3401,9.9007,11.568,13.5414,8.9297,18.2326,17.8638,7.1899,11.4725,16.5723,14.9322,13.4839,7.9209,11.9781,17.2139,16.0029,14.6038,12.5739,15.9408,9.1155,12.4911,15.283,Basal,Other
TCGA-CN-6016-01,15.2667,7.5897,8.7157,10.8184,10.5724,10.4632,17.5621,8.6486,15.3167,12.7509,12.6423,20.2634,19.0636,13.3338,11.0651,13.5277,12.9473,6.4893,19.2116,18.8672,8.7105,10.0482,15.3568,13.0191,9.7516,4.9523,10.3472,17.4973,16.1713,14.1171,12.8628,15.4715,9.1263,11.8101,14.3944,Mesenchymal,MS
TCGA-CR-5248-01,14.018,4.0559,4.8983,9.134,7.6177,9.6722,13.4735,5.3767,9.7561,12.4822,10.876,13.374,12.996,9.0238,6.9383,10.66,12.7916,8.975,17.9774,14.7114,5.9902,11.4102,15.8605,13.0516,10.9882,6.4982,11.7006,16.8649,16.4003,14.8121,13.2874,15.7983,9.8159,12.135,14.1045,Atypical,Other
TCGA-D6-6823-01,12.2158,3.1659,6.6753,11.3635,7.5146,7.6953,13.3459,5.0758,12.4867,10.2986,11.8139,14.8991,14.2485,9.8212,7.4105,10.91,13.6119,11.0171,18.9505,18.641,14.3057,13.3797,16.1253,13.6367,10.7453,6.6399,10.7494,16.934,15.3979,14.8598,13.0463,15.2852,10.3239,12.3924,15.8781,Classical,Other
TCGA-CN-4725-01,12.2695,4.0469,6.045,11.7191,8.4734,8.2729,13.1538,6.8919,12.5954,9.0931,11.3336,14.4247,13.7906,9.9085,8.6247,10.5147,13.5259,10.4414,17.0244,19.5215,10.8773,11.8521,16.6527,12.3628,11.0208,6.3837,11.5126,17.0939,16.6716,14.6452,12.1811,14.545,10.0793,12.3469,15.54,Basal,Other
TCGA-BA-4078-01,14.0799,5.0134,6.9314,11.1108,8.9408,9.5364,16.025,7.6376,13.6604,8.6377,11.1617,17.9955,17.4723,12.3823,10.4447,12.3785,13.0999,10.7156,18.4606,16.7122,13.279,11.3948,14.8675,14.2445,9.0512,2.037,10.3538,16.0716,15.8594,14.704,12.8362,15.029,9.5902,12.314,14.3147,Classical,Other
TCGA-CV-7245-01,13.1166,6.3696,7.3008,10.3644,7.6374,8.0261,14.3394,7.7944,12.5147,11.4482,11.3987,17.0664,15.9743,10.797,9.0145,11.9514,14.4977,10.2569,19.0441,19.2134,12.2072,11.0013,16.8843,14.5526,12.2627,5.6073,11.3611,17.3158,16.9791,14.7388,11.837,15.6376,10.806,12.4161,15.061,Classical,Other
TCGA-CN-5363-01,14.9365,8.2421,6.538,11.9413,8.9744,9.2165,15.9969,8.1907,12.9333,10.3713,11.4585,16.8172,16.1746,11.7398,10.6784,12.3318,12.235,9.1137,18.4956,18.3658,10.7169,11.8948,15.9115,7.571,7.5452,3.039,10.8831,17.0384,17.0246,14.6864,13.6139,16.3715,10.0225,12.5163,15.1223,Mesenchymal,MS
TCGA-BB-4224-01,12.2888,4.2723,5.2345,9.8969,6.6562,6.9461,11.3005,6.3428,9.4043,9.8589,9.8374,12.8894,12.5426,9.838,7.4706,9.2026,13.0424,9.7326,17.7416,17.9177,4.3061,7.7415,16.9638,14.0961,9.5524,7.0142,11.4365,16.846,16.3487,15.1749,12.4213,15.8635,10.9116,14.2751,16.2653,Basal,Other
TCGA-CQ-5326-01,13.9505,5.5185,6.9105,11.1224,8.1849,9.2534,17.105,7.5817,12.1113,14.5965,12.0317,15.5819,14.892,10.2539,8.6415,11.5092,13.2778,9.8552,18.9852,19.4594,11.6432,11.9211,16.4354,12.379,11.4005,6.9484,11.9075,17.0106,16.9418,15.0692,12.3725,15.8225,10.0072,12.4123,14.795,Basal,Other
TCGA-CR-6487-01,13.8957,3.8805,6.1291,9.0509,8.92,10.1137,14.3201,5.1779,11.4943,10.9786,11.3954,14.9706,14.1791,10.175,8.0594,11.3177,12.4997,11.4284,18.3064,7.406,13.3027,11.9461,15.4583,15.0026,9.229,6.6925,10.4394,16.6383,16.6095,15.3294,13.992,16.4942,10.758,11.9552,14.0981,Atypical,Other
TCGA-CN-6994-01,13.8354,6.4002,6.2994,10.1968,8.0275,8.7227,16.1359,7.7029,13.8538,13.1552,11.979,18.0379,16.8697,11.0291,10.0883,11.3556,13.0397,10.0301,18.7596,18.727,11.9908,11.4854,16.6431,12.7318,11.8024,7.9099,11.7662,16.7382,17.1154,14.2221,13.1394,15.3273,9.9865,11.8611,14.918,Classical,Other
TCGA-CN-4739-01,12.8045,3.3541,5.2842,9.4923,8.2977,8.475,13.825,6.3558,12.187,9.4112,11.6044,15.0045,14.2484,10.2812,7.8063,10.6498,14.3711,10.533,17.3432,15.2158,11.7015,10.9892,16.5125,14.8561,13.0903,8.1595,12.4816,17.0929,15.8088,14.5733,12.5203,14.6309,9.0471,12.2014,14.9035,Atypical,Other
TCGA-BA-5556-01,13.9323,6.2004,5.8584,10.5275,7.9528,8.6455,15.3517,5.8916,11.9512,11.998,12.2427,14.8984,14.1788,9.2512,8.1276,10.8865,13.7206,6.0246,19.1275,18.4957,10.2248,11.2951,17.0175,11.0799,11.2462,6.5718,11.7253,17.2033,16.2336,14.4209,13.098,16.3347,9.2889,12.1061,14.6343,Basal,Other
TCGA-CN-4727-01,12.9544,3.2681,7.5878,9.5567,7.9998,8.3539,14.747,5.9183,12.3057,7.7983,11.2985,16.3326,15.5132,11.5198,7.9487,11.7215,13.9027,11.0246,17.24,16.4107,12.3074,12.5571,14.9546,14.1702,11.2763,8.1835,11.7075,17.1152,16.8055,14.3844,13.2769,15.1496,9.426,12.1785,14.3757,Classical,Other
TCGA-CV-5966-01,14.1069,7.636,6.3196,11.127,7.1036,8.3211,13.5561,8.3127,12.4249,10.1913,11.7995,15.4812,14.5755,10.2656,10.5388,10.9457,10.7455,10.0333,17.3936,16.9095,14.9319,14.9037,13.5839,13.1773,7.3472,3.955,10.411,17.6481,16.7191,15.1904,12.9076,16.3648,10.5037,12.8796,14.8563,Mesenchymal,MS
TCGA-CR-6482-01,14.264,6.3112,6.0158,8.7584,8.6689,10.2075,14.9728,7.5981,11.7425,11.294,10.5544,15.398,14.8392,11.3108,8.1744,11.7107,12.6191,11.3627,15.5923,14.0796,13.4097,12.4988,14.2767,14.5186,11.9216,8.0599,11.1151,16.7311,16.0575,14.5682,13.3781,16.356,9.283,11.6262,14.1212,Atypical,Other
TCGA-CV-6936-01,12.2109,2.7012,8.044,10.3481,7.647,7.8945,13.8287,6.1313,11.5962,9.6503,11.1535,15.811,14.7638,9.3326,7.4956,11.1308,12.1934,10.1063,15.6338,13.5875,8.1675,11.5358,15.8463,12.0692,10.8086,4.2738,10.8209,17.4146,15.1192,14.8224,12.8334,16.1365,10.0273,12.9025,14.799,Classical,Other
TCGA-CQ-5332-01,13.6079,4.5239,6.9991,9.8116,8.9642,8.4471,14.5949,8.6297,13.4004,12.2715,11.5732,16.5662,15.9597,10.7022,9.2743,12.2354,12.9506,12.323,18.0953,15.7474,12.8273,12.1834,15.5048,11.7484,13.291,8.5511,10.7897,15.9598,16.826,13.6664,13.7358,13.7472,10.312,12.1486,15.5026,Classical,Other
TCGA-CV-7100-01,14.0131,4.0534,7.3164,9.7332,8.519,8.8532,14.4493,7.7044,11.4641,13.6828,11.6222,17.2584,16.1667,9.9891,8.7697,11.4622,12.3712,10.6426,16.7399,16.1301,13.6783,12.8796,13.9024,14.4701,11.4819,6.564,11.2337,16.9043,16.3298,14.6794,12.9701,16.4866,10.4133,12.2534,14.3439,Mesenchymal,MS
TCGA-CR-7374-01,12.971,3.3506,6.158,9.7044,8.6316,8.5723,12.5031,7.1438,12.1816,9.6623,10.6319,14.468,13.9358,9.634,7.0069,11.3217,13.9575,12.5781,16.7921,16.1885,13.6703,12.3588,15.7079,11.9355,11.1352,8.8375,11.3863,16.4958,15.6725,14.9524,12.5512,15.5292,9.7785,11.8169,14.8371,Atypical,Other
TCGA-CQ-7068-01,13.8698,1.749,6.4036,10.6106,7.0431,8.3345,13.4109,8.2571,11.7225,10.853,11.3051,13.5139,12.2403,9.4681,7.0019,9.5177,12.4551,7.0019,17.4766,17.7858,7.6833,11.5919,15.8647,8.0432,11.3722,6.1531,11.106,17.5205,16.2529,14.653,13.5933,16.7321,9.4983,13.208,15.1978,Basal,Other
TCGA-BA-5152-01,13.4704,7.5001,6.6298,11.0914,6.9058,7.7064,12.9337,6.7564,12.6504,10.8022,11.8542,15.4041,14.7824,10.6303,7.7936,10.7921,13.6973,10.9789,19.0347,18.8332,12.8479,12.1725,13.5456,13.6604,11.2706,7.8906,11.2814,17.3227,16.6738,13.9505,13.8675,16.8743,9.7654,13.1766,15.6488,Atypical,Other
TCGA-CN-4723-01,14.2988,6.9899,7.7336,10.7365,9.2059,9.1003,15.5998,7.8632,13.3716,12.833,12.0547,16.9796,16.0625,10.6987,9.1597,12.4426,12.9421,10.1792,17.9386,17.382,13.1708,12.2316,14.9525,13.5005,10.1681,7.5652,11.7588,17.1704,17.2454,14.7971,13.2324,15.9303,9.8543,12.3164,15.1163,Classical,Other
TCGA-CV-6945-01,13.8863,6.2181,5.5297,12.1433,8.1864,7.3381,14.1659,8.6136,13.5625,11.1155,12.8247,16.5673,15.1424,10.6839,9.8252,10.8202,13.3861,9.4766,18.7765,19.1866,12.3252,11.4799,15.4424,13.1844,11.7845,5.5961,10.9001,18.1107,17.9041,15.223,12.4303,15.3021,10.0369,13.0622,15.4695,Basal,Other
TCGA-DQ-7588-01,12.7973,1.8244,5.3209,12.0563,5.3055,4.7911,11.8825,5.6232,11.8559,10.3825,11.3746,13.3776,11.9922,8.8937,6.1038,8.8802,13.7713,9.4273,19.2537,19.7621,10.1213,12.7313,16.1873,14.6538,8.7386,5.8091,11.5766,17.9107,17.3597,15.8729,13.1006,15.2367,10.5549,12.9729,16.0012,Basal,Other
TCGA-DQ-5630-01,13.6671,7.4535,8.4275,10.7871,9.2653,9.139,15.6511,8.644,14.0627,12.5043,11.7282,16.5509,16.3047,12.6069,12.2235,11.4215,12.5642,5.6486,18.4007,18.8693,10.7162,11.0009,15.243,12.2885,11.9343,6.0533,10.9322,17.2968,16.1089,14.2924,13.2406,17.665,9.6174,12.6801,15.6518,Mesenchymal,MS
TCGA-CV-7429-01,15.2266,7.6944,8.14,11.7408,9.7171,9.9598,17.6105,7.466,13.3707,11.0851,12.5119,16.5744,15.806,11.6171,9.9117,11.5283,8.5694,5.8384,14.728,15.3146,11.9556,11.4584,13.53,9.4367,5.9853,1.7592,10.8069,16.873,16.3194,14.9071,13.4437,15.0818,10.6664,11.8427,14.2702,Mesenchymal,MS
TCGA-CN-4737-01,14.1238,7.1231,6.8677,11.1065,9.4628,9.6796,16.4692,8.927,13.9751,12.6529,11.5501,17.7494,16.7137,12.2113,10.0728,12.1575,12.7394,7.1916,18.6306,19.0824,10.4423,11.2082,16.9789,13.1995,10.7813,7.0263,11.6755,16.8672,15.8125,14.2448,12.4169,14.9897,8.7775,12.1568,15.4101,Mesenchymal,MS
TCGA-CQ-5323-01,12.5761,3.1366,5.9297,10.2426,7.3155,8.0553,12.7655,5.9578,11.6348,9.7333,10.5483,15.3344,14.4947,9.771,6.66,10.7187,13.4581,8.3245,17.6763,18.8472,9.5971,11.4725,16.9269,12.0057,13.0585,9.0912,11.8129,16.714,16.2853,14.688,12.5563,15.6584,9.3985,12.1201,14.4978,Atypical,Other
TCGA-DQ-5625-01,13.3632,4.0369,6.2271,11.0352,8.8402,8.7805,14.5384,7.5451,11.9167,10.7211,11.6181,15.4451,14.8082,10.1274,8.3897,10.5792,13.2654,6.8533,18.8029,19.4092,5.7547,8.6172,16.94,11.1393,11.8426,6.5888,10.8372,17.6332,16.1164,14.7019,13.3089,16.8609,10.1545,12.7977,16.3116,Basal,Other
TCGA-BA-6869-01,11.8738,1.7874,7.795,9.0359,6.8008,6.267,11.3148,5.6332,11.4021,8.2683,12.4241,13.8866,12.9987,8.9541,6.6483,10.0107,13.1942,11.7094,17.7513,17.8015,13.8069,12.5672,15.445,14.9929,12.7906,7.4248,10.2464,16.8889,16.8403,14.6274,13.801,15.0629,10.2459,12.737,14.3528,Atypical,Other
TCGA-CN-4740-01,15.3299,7.3777,8.3931,10.4807,9.9491,10.448,17.7445,8.6334,14.671,13.609,11.7774,18.9617,18.3419,12.7676,10.8526,12.5958,12.9406,10.1955,17.6451,17.8116,10.3742,9.8275,15.7139,13.7171,11.0577,8.2862,11.4231,17.1696,16.1684,14.0897,12.9429,16.3241,9.0385,12.1899,15.059,Mesenchymal,MS
TCGA-CN-4742-01,13.6902,7.3424,6.9828,11.898,9.3421,9.4593,16.9387,8.2074,14.2995,14.9161,11.9291,18.2932,17.4533,11.6073,11.2538,12.7058,13.1367,6.2905,17.4503,18.2211,8.1618,10.9521,16.3892,12.7233,11.8121,6.8781,12.0469,17.1934,15.5982,14.7968,12.3225,15.5024,9.5698,11.6173,15.1262,Basal,Other
TCGA-CV-6942-01,15.3264,4.694,7.1286,11.427,9.3717,10.3012,14.827,8.6079,13.4933,12.7144,11.5385,16.6169,15.8468,11.5803,10.4412,12.4957,12.1046,8.9699,18.3845,19.7541,10.6963,11.3492,14.8673,7.3029,8.1306,5.0655,10.9846,17.6756,17.0261,15.0605,13.0231,16.8152,10.262,12.8942,15.3244,Mesenchymal,MS
TCGA-CR-6477-01,14.2714,5.6199,6.6229,11.3063,9.0531,9.8194,15.5676,8.5281,13.8757,13.2127,11.8908,17.434,16.8797,10.0144,9.6611,12.7669,13.6516,10.3736,18.5638,18.7997,6.6524,10.5081,16.7203,10.2421,10.916,4.253,12.2209,17.4276,16.6899,14.6501,12.5786,16.0537,10.2067,12.973,14.966,Mesenchymal,MS
TCGA-CX-7085-01,15.1524,6.0566,8.1823,10.7056,9.9233,10.6956,16.3048,8.2798,14.6984,11.9858,11.8945,18.2766,17.3479,11.7119,10.1442,12.6705,13.5601,5.117,18.5196,18.8431,9.51,10.3648,16.7874,12.8928,12.0767,8.78,12.1419,17.6396,15.8895,14.09,12.6889,16.3875,8.7291,11.4292,14.843,Mesenchymal,MS
TCGA-CR-6473-01,12.4289,4.0861,5.2301,10.669,6.697,7.313,13.8605,6.5288,10.0127,7.9412,10.3532,14.5119,13.7945,11.2691,6.4481,11.1151,11.729,10.2782,16.9827,14.0058,13.1147,12.2504,13.0559,14.6464,12.2916,8.327,11.295,15.5385,17.2322,15.0883,13.5227,14.8021,10.5887,11.5353,14.9847,Atypical,Other
TCGA-D6-6517-01,14.1269,7.0873,6.2379,11.4252,7.5888,8.117,17.1467,6.4393,13.0386,11.1842,11.6774,15.5796,14.5385,10.1249,10.3372,11.4027,13.2201,8.3435,19.2982,19.6939,11.2377,11.1477,16.3112,12.308,8.529,3.871,10.3879,17.3559,17.1556,14.8077,12.2841,14.796,10.1774,11.7142,15.5122,Basal,Other
TCGA-CV-7091-01,13.0805,6.2731,7.4036,10.9365,8.2869,8.3714,15.4558,7.4262,12.8674,12.2428,12.5228,17.0067,16.1642,11.8943,9.0373,11.508,14.2146,10.1504,19.6224,19.4849,11.9391,11.6759,17.0328,14.2253,11.8025,7.5548,11.6768,17.7551,16.2377,14.865,12.8881,16.2471,10.2125,12.6329,15.4562,Basal,Other
TCGA-CV-5430-01,12.9554,3.7073,5.7488,9.1736,8.6073,8.4316,13.9462,6.5152,11.4314,9.9121,10.9606,14.7977,14.5069,10.683,8.2625,11.0803,12.5373,10.6203,17.8547,7.9022,12.2274,10.302,15.9192,14.0776,12.3159,7.1622,11.2842,16.3103,15.9844,15.9508,13.5832,15.3583,10.0735,11.8678,15.2611,Atypical,Other
TCGA-IQ-7630-01,12.8404,8.6105,6.3905,11.4356,7.9543,8.3066,16.468,7.4576,12.4568,11.6419,12.267,16.7129,15.6871,10.5127,10.4384,11.285,12.8965,6.1946,18.9348,18.5909,10.9563,11.5608,16.2161,12.0173,10.616,3.3676,11.1208,17.5341,16.4869,14.7001,12.8098,16.4622,10.1072,12.5697,15.5331,Basal,Other
TCGA-BA-4077-01,13.6673,4.9008,6.155,10.2509,6.9842,8.1496,13.9528,7.1883,12.2791,12.7192,11.7256,14.8161,13.8568,10.1956,8.3244,9.8712,13.0035,9.9728,18.1928,17.432,13.842,12.458,14.9087,13.605,12.6771,7.7556,11.1862,17.6289,16.33,15.0676,12.3089,17.0627,10.256,12.4254,15.2276,Atypical,Other
TCGA-CR-6478-01,14.7594,6.2023,6.5227,10.285,8.5124,9.7601,14.6578,6.9145,12.1385,12.8368,11.4461,15.4854,14.8899,9.8984,7.5738,11.5801,12.3028,10.1482,18.5768,18.4353,13.3995,11.8319,14.3993,12.8815,10.7237,6.579,9.8957,17.1183,16.8806,16.35,12.271,16.1364,10.3029,12.5208,14.8114,Mesenchymal,MS
TCGA-CN-6018-01,14.3385,8.7987,8.4362,11.1113,8.4325,9.6088,16.7846,8.6057,13.9461,13.0102,11.8898,18.1704,17.1458,11.8512,10.0488,11.4345,13.0501,9.5206,19.2893,18.8657,12.7766,12.0534,16.5963,14.0297,7.47,6.1438,11.2886,17.1351,17.1248,15.0448,12.4911,16.2674,10.7601,12.2463,14.4449,Mesenchymal,MS
TCGA-CN-6010-01,13.0546,4.9905,6.1792,10.2987,9.3012,8.4113,14.8347,6.4095,12.5916,8.9283,11.5506,15.9022,14.9167,10.3453,8.451,11.7149,13.5669,12.054,17.6989,13.3996,13.9475,12.6894,14.9286,11.8418,12.4512,7.5223,11.2947,16.346,16.5071,14.3294,13.2132,15.0485,10.3293,11.7068,14.4635,Classical,Other
TCGA-CR-5243-01,13.5848,6.0194,6.3096,10.0782,9.2718,8.9477,15.1347,7.012,12.273,10.3711,10.9334,16.8109,15.987,11.7823,8.8721,12.6165,12.4916,7.7331,17.9995,13.3229,11.4932,11.4033,15.6186,13.9347,11.9172,6.3035,11.1459,16.3039,16.6343,14.697,12.16,14.2575,9.0583,11.9031,14.3672,Atypical,Other
TCGA-CR-6488-01,14.1426,4.7892,8.032,11.0659,9.5194,9.9844,15.8082,7.9334,13.7447,13.1636,12.5056,16.7634,16.0192,10.5047,10.2939,12.5437,13.6557,8.6217,18.1456,18.8151,7.9506,9.8489,16.1135,13.0277,10.4602,4.8445,10.8844,17.2007,16.0858,14.2118,12.4781,15.7619,9.6743,11.4658,15.1739,Mesenchymal,MS
TCGA-DQ-7592-01,13.3685,5.6361,6.1301,12.1926,8.6138,8.6105,14.9526,7.9584,13.032,12.8505,12.7797,16.4648,15.4386,9.4965,9.7147,11.2619,13.1547,8.8925,19.1921,18.4398,12.3055,11.754,16.5757,12.796,10.4754,6.2631,11.8857,17.2085,16.7125,14.255,13.093,16.4796,10.005,12.5321,15.5656,Basal,Other
TCGA-CV-6940-01,12.8903,6.1208,5.8859,11.0075,8.2569,7.8804,14.52,6.4455,13.1094,10.5475,11.5836,16.9608,15.8609,10.4663,8.6559,10.9692,12.9014,11.5714,18.1171,17.7421,11.2599,11.5057,15.6577,11.1695,12.2419,6.0768,11.3477,17.0222,16.7678,14.4765,12.8987,13.6473,10.7913,12.3471,15.93,Classical,Other
TCGA-CV-7413-01,14.1561,7.1315,6.2581,10.9202,8.3584,8.468,15.9489,8.8328,14.1942,12.6951,11.9062,18.0809,17.0929,12.3399,10.3661,11.3518,12.9909,9.298,19.2291,19.7574,11.4763,11.556,16.7637,13.7909,10.5795,5.5714,11.8717,17.0676,16.6758,14.4656,13.3883,17.3026,10.3248,12.487,14.9995,Mesenchymal,MS
TCGA-CR-7404-01,13.2786,4.0993,5.7927,9.8074,8.0684,9.0347,12.7441,6.4071,11.7812,11.056,10.3406,14.5482,13.7955,10.6754,7.2446,10.6323,13.8495,9.7676,18.0239,15.3188,13.4023,11.7082,16.0663,13.4173,11.8138,8.2638,11.9152,16.8983,15.8667,14.707,12.5087,14.9376,9.5775,11.9176,14.5132,Atypical,Other
TCGA-CV-7432-01,11.932,5.9849,5.7368,10.531,6.4792,6.6967,13.0751,5.4998,10.9495,8.7379,11.8766,14.5278,13.6625,10.2437,7.0508,9.4169,12.8216,9.3965,19.612,19.7731,9.4507,11.7454,16.6038,14.186,9.9544,7.485,10.8654,17.2911,17.3603,15.2671,13.4598,15.3226,10.9413,12.8201,15.2201,Basal,Other
TCGA-CV-5440-01,12.3432,3.8089,5.5904,10.7573,9.414,7.8547,13.7045,5.343,11.2659,9.5327,12.3725,14.8979,13.7049,10.586,6.1923,9.4128,12.4891,10.8352,17.5941,17.7679,11.5199,10.8304,15.6115,12.9524,11.7478,6.5588,10.536,16.8067,17.6833,13.9793,14.0258,14.3015,10.1422,12.4069,15.3547,Classical,Other
TCGA-CV-7422-01,13.0585,5.0397,7.0602,10.1987,8.557,8.4627,14.5235,6.4088,11.963,11.4244,11.2555,15.8253,15.2066,10.8729,8.1587,10.6971,13.9728,12.5287,17.8229,15.6494,13.4882,12.6007,16.7789,14.7658,11.5849,7.0028,11.6331,16.966,16.4764,14.6114,13.1261,15.573,10.1421,12.2592,14.9637,Classical,Other
TCGA-CV-6950-01,15.5467,6.7892,6.3183,12.5489,8.6578,8.4764,18.9106,7.8571,13.1973,12.5355,12.3917,17.6084,15.1409,10.9201,10.1204,11.8824,13.1286,10.6574,18.7588,19.1956,12.26,10.8265,16.2395,11.9852,10.1678,5.1795,11.3778,17.5198,16.5366,14.7807,12.063,15.9788,10.2394,12.5312,14.9512,Mesenchymal,MS
TCGA-CV-7263-01,13.9488,6.3487,6.7834,10.2519,9.2147,9.5568,15.8508,7.8631,13.6624,13.7055,11.0879,17.5587,16.8415,11.1921,9.7011,11.7976,13.5062,8.8153,17.1158,17.2094,10.1534,7.6985,16.0514,9.3917,11.8802,6.0523,10.9761,16.3476,15.7163,14.3024,13.5471,15.6504,9.3474,12.5509,14.5966,Mesenchymal,MS
TCGA-CV-7410-01,14.538,6.5337,7.716,10.8467,9.4449,9.7783,15.1772,8.0615,13.4155,12.0512,11.5923,17.4017,16.3414,11.7276,9.7745,11.5894,10.7136,7.7265,19.0132,19.4129,6.1475,9.2264,17.0405,10.2398,8.078,3.8056,10.7728,17.2468,15.6901,14.8693,13.3144,16.7524,9.4477,12.2369,15.2116,Mesenchymal,MS
TCGA-BB-4217-01,14.4963,6.1156,7.1559,10.1918,8.6303,9.4098,13.0389,8.0716,12.3223,9.7554,11.5547,14.3511,13.6952,10.7142,7.7207,11.0189,13.2653,9.7472,17.5809,17.2771,12.8545,12.6705,15.316,11.9798,12.5371,7.4904,12.4838,17.206,15.9583,14.6398,13.8326,15.7672,9.7331,12.0849,15.7543,Atypical,Other
TCGA-CV-7406-01,13.5724,6.8559,7.1935,8.2194,9.119,8.6603,16.3223,7.6231,13.0517,10.7417,9.9758,17.2983,16.3119,11.9539,9.3425,10.6325,14.8415,10.1278,16.3453,9.0069,13.681,12.5409,15.7279,14.8714,14.1124,9.3247,12.3305,16.9662,17.2431,14.3806,13.5179,13.5733,9.3454,11.8943,14.5478,Atypical,Other
TCGA-CV-7089-01,13.5217,1.5946,5.9638,10.9636,7.061,7.3737,11.8205,5.7421,10.2876,10.6257,11.9434,14.0381,13.1528,9.2584,7.8934,10.378,13.5088,8.3391,19.2295,18.7886,11.9467,12.65,16.4487,12.5177,13.0285,8.2442,12.224,17.4927,16.4996,14.5029,13.0544,15.5923,9.7291,12.4737,15.4124,Atypical,Other
TCGA-CN-5359-01,14.3525,6.986,7.5274,11.0239,9.9486,10.5347,16.4325,7.3647,14.2659,11.9738,11.9803,17.9259,17.366,12.0578,10.1429,12.8555,13.1805,10.4448,17.4317,16.905,7.4233,10.4481,15.3777,12.5983,11.3974,8.4022,11.4335,17.0121,16.9701,14.204,12.3904,15.7763,9.3194,11.9978,15.0011,Mesenchymal,MS
TCGA-CQ-5330-01,14.9542,11.2436,7.3756,11.2362,9.7267,9.9375,18.5524,7.2997,13.9506,11.184,12.1694,18.1252,17.3074,11.3666,11.1949,12.7108,12.8619,9.4763,18.1278,18.1799,12.6048,12.0663,15.6045,12.0134,9.2315,6.1099,10.928,16.8384,16.3137,14.9104,13.0248,15.8147,9.5837,11.8231,15.4395,Mesenchymal,MS
TCGA-CV-5977-01,14.7457,3.3308,5.4412,12.4521,6.4948,6.6536,13.7108,6.6672,11.3628,10.2867,12.3691,14.9201,13.8612,9.5894,9.7953,10.4392,12.9413,9.7116,18.5684,19.6215,8.6869,11.2351,16.036,8.4418,9.8007,3.0275,10.3908,17.4384,17.0041,15.2159,13.1568,16.0212,9.7223,12.7136,16.3011,Basal,Other
TCGA-CR-7402-01,12.9328,1.6765,5.6402,9.7808,8.0643,8.0758,12.4875,5.6794,11.9181,9.6324,10.7492,15.0108,14.4046,9.8478,6.9733,10.9916,12.8351,10.2352,18.8779,18.2842,12.8897,10.7093,17.7261,11.1835,9.6464,7.3168,10.3961,16.3246,16.2649,15.762,12.2732,14.8071,9.6249,12.2783,14.0367,Atypical,Other
TCGA-CV-5443-01,13.4237,3.7467,6.724,9.1551,8.611,8.3372,13.9185,6.0589,11.8614,12.5382,10.3279,15.1686,14.5039,12.0441,7.8562,10.7448,12.2387,9.0671,18.0577,12.9245,12.6603,12.1389,14.1128,15.1149,13.0514,5.5408,11.2105,16.6674,16.6127,14.7967,13.9435,15.3836,9.5932,12.2941,13.786,Atypical,Other
TCGA-IQ-7632-01,12.2617,1.6738,5.4501,10.7728,6.9181,6.715,11.2167,5.7581,10.5326,9.8,10.9325,13.7497,12.7624,10.5713,6.6535,9.5957,13.8302,9.8718,19.5908,19.8345,11.101,12.3223,17.2762,14.1851,10.9159,7.3399,12.3862,17.2768,15.7486,14.2248,12.6862,15.5662,9.3731,12.4767,15.4843,Basal,Other
TCGA-CN-4730-01,11.8508,4.6369,6.0881,10.2783,6.642,7.1041,12.1361,5.3205,10.0124,9.7812,11.3313,14.6524,14.0206,10.0331,6.5674,10.0915,13.9083,10.8039,18.3474,18.196,13.7493,13.0227,15.9004,13.1787,9.9858,7.3161,10.9347,17.3298,17.1346,15.0745,13.6261,14.7854,10.1475,13.5526,14.9791,Basal,Other
TCGA-CV-7101-01,13.7893,4.0732,6.224,10.3385,7.9425,8.3707,14.6627,5.5749,12.2285,11.349,11.7319,15.6296,14.7689,10.9075,7.5774,10.4836,13.931,11.7289,18.7557,17.1429,13.8358,12.5523,16.6082,13.707,13.9849,8.9359,12.0984,17.3551,16.5549,14.0932,13.7931,15.7506,10.3305,12.3395,14.9841,Atypical,Other
TCGA-CQ-6227-01,14.9307,4.0563,7.5348,11.4629,9.5374,9.5038,15.1655,8.6821,13.9636,11.5914,12.0081,16.6904,15.8759,14.1275,9.7779,12.2155,13.5513,9.3592,18.1861,18.8313,10.6338,11.5238,15.4536,12.6607,11.2688,5.5133,10.8502,17.1582,15.9499,14.3604,13.2982,15.635,10.433,12.1616,14.9772,Mesenchymal,MS
TCGA-CV-7253-01,10.868,2.6705,4.847,10.4181,6.141,5.7389,12.8527,3.3882,9.1172,7.8643,12.2518,13.0772,12.1281,9.3809,5.7389,7.4111,14.3713,8.2982,18.5205,18.8836,11.6663,11.4894,16.9263,14.6029,12.3163,8.6799,11.3779,16.5442,17.4923,14.1449,14.4252,15.6005,9.6122,12.1265,14.364,Classical,Other
TCGA-CR-7377-01,15.045,6.0003,7.7892,10.9682,9.7114,10.0383,16.0524,8.9024,14.8704,11.61,12.0913,17.6377,16.7132,10.8289,10.6085,12.9509,12.806,7.1857,18.1163,18.4175,8.9785,10.7562,16.2364,10.5287,11.0923,6.2857,11.8848,17.0916,16.1266,14.8142,13.0164,16.4418,9.7133,11.9919,15.0178,Mesenchymal,MS
TCGA-HD-7831-01,15.6615,10.7584,8.2919,11.5879,10.7608,10.74,19.7707,9.9062,15.9443,12.6131,12.1583,20.3809,19.5156,14.3609,12.3373,14.1308,13.5162,7.1191,16.9728,15.8781,12.0229,11.2721,16.3999,7.9618,8.2919,5.2895,11.2613,17.8008,16.2822,14.8706,12.7208,15.4916,9.3341,11.7308,15.0187,Mesenchymal,MS
TCGA-CN-4735-01,13.9896,4.1492,7.5357,9.5694,9.5571,9.4355,14.9958,7.3496,11.3832,12.2983,10.6807,15.4851,14.7071,9.6191,8.5928,11.5008,12.1218,10.7576,16.9264,14.579,12.8848,11.993,14.4071,15.3091,12.4372,7.4409,11.0269,16.3414,16.3368,14.2851,12.9764,16.3897,9.9928,11.9554,14.1543,Mesenchymal,MS
TCGA-BA-6872-01,14.6789,7.1147,6.8254,11.4813,7.6395,7.8072,15.4964,7.996,13.2733,13.5481,12.5442,17.1272,15.7117,10.5683,9.2315,11.886,12.9369,10.2782,19.3997,20.1605,8.9128,11.0093,15.5632,11.4121,11.3642,5.6479,10.7329,17.483,16.429,15.3203,12.8609,15.9415,10.0648,12.3643,15.3203,Basal,Other
TCGA-CV-7416-01,13.9637,7.974,6.5471,12.3619,8.0086,9.3621,16.4788,8.2795,14.3009,10.4042,12.1617,18.0551,17.2728,12.3332,10.6106,11.1163,13.0684,8.9808,17.7398,18.2665,5.9394,8.6444,16.0535,13.3094,9.5328,6.6382,11.7525,16.831,15.9017,14.3686,12.1117,15.7512,9.8879,12.0686,15.3965,Mesenchymal,MS
TCGA-CV-7099-01,13.2901,3.0455,6.3059,10.5757,6.2902,7.8495,13.9105,4.8237,12.1478,12.049,11.5962,14.4835,13.1201,9.406,8.2155,9.0495,13.4178,10.1107,19.1324,19.1783,10.8857,11.4897,16.4807,13.8297,13.1463,7.2408,11.2469,17.2379,16.6143,14.6445,13.317,15.5028,9.6616,12.3626,15.1924,Basal,Other
TCGA-BB-4225-01,13.391,4.4928,7.4769,9.7658,7.5179,7.1707,13.9365,7.7366,9.7285,10.9599,10.7762,13.6731,13.1291,10.8207,5.928,10.0825,12.158,9.6807,18.4467,13.4362,12.3861,11.8213,13.9619,12.9556,13.857,7.5254,10.3484,16.6247,15.9911,14.2648,13.9987,16.0192,8.8744,12.3335,14.1459,Atypical,Other
TCGA-CV-6955-01,12.0618,2.9555,5.0968,9.1851,6.3721,7.3846,8.7484,5.0238,9.9252,10.6795,10.9624,11.7582,10.8463,8.2459,4.0182,7.7592,14.1852,8.1451,19.7823,18.6041,10.7383,10.0407,17.6226,11.6624,13.2997,8.9276,12.044,17.0629,16.3711,13.9347,13.2513,16.2812,9.356,12.0838,15.1361,Atypical,Other
TCGA-BA-5153-01,13.5694,3.2438,5.4226,8.1468,8.401,8.2508,12.4426,5.5729,11.2204,9.9533,10.8108,14.5228,13.876,10.1798,6.2178,10.9994,12.3683,10.3897,18.2791,13.2297,13.0948,12.5411,15.8189,14.7368,12.4603,7.6446,11.9334,16.3549,15.605,14.434,12.7363,14.8654,8.9697,11.9461,13.7935,Atypical,Other
TCGA-CN-4738-01,13.4543,4.4088,6.7451,10.7429,8.2078,9.0916,12.7933,6.4173,12.107,10.2254,11.9834,14.6508,13.8047,9.435,8.6689,10.6506,13.425,9.724,18.9078,18.7442,13.5254,12.8281,16.1676,13.1261,13.457,8.366,11.8812,17.0639,17.0844,13.4537,12.876,16.107,9.6951,12.0971,15.123,Atypical,Other
TCGA-CV-6960-01,12.5688,4.5657,6.8899,10.6263,5.738,6.4287,13.8579,7.7311,12.9293,9.9608,11.2896,15.4496,14.2673,10.0698,7.9985,9.4468,13.618,10.4576,16.6886,16.6018,10.6709,10.696,14.0548,13.4698,11.9626,4.8538,11.2507,16.8645,16.0244,14.1098,11.4758,13.4339,10.1684,11.941,14.0813,Classical,Other
TCGA-CQ-6228-01,12.9175,5.1884,6.9314,9.8851,8.4037,8.0346,14.7818,7.8698,12.71,11.7786,11.49,15.874,15.1966,9.9165,8.9397,10.806,14.1042,12.9495,17.6107,14.4067,12.875,10.978,15.9451,10.4706,12.2773,7.077,10.9437,16.3309,17.64,14.7496,13.4695,14.8579,10.4987,12.6508,16.0538,Classical,Other
TCGA-CV-7236-01,14.8761,7.2327,7.6635,11.3166,8.4955,8.9192,15.3539,7.8704,12.8574,10.2662,11.1854,17.0693,16.059,11.8383,11.2335,11.5359,12.3325,8.5635,18.2059,18.526,12.578,12.306,16.3949,12.3272,10.529,6.2798,11.9836,17.5954,15.9983,14.9137,12.2765,15.7403,10.2234,12.6415,15.3457,Mesenchymal,MS
TCGA-CV-7255-01,12.4524,5.4175,5.9631,10.9543,7.3048,6.6044,14.4133,7.7308,11.7461,13.3369,11.3241,13.6546,13.0329,8.6566,10.0812,9.1797,13.5925,8.2262,18.653,19.2407,13.4102,12.7535,16.6725,13.3233,11.055,7.7346,11.813,17.5369,16.5771,15.0221,12.2373,16.1293,9.7461,12.6415,15.6761,Basal,Other
TCGA-BA-5558-01,13.3081,2.6489,6.6254,10.7881,7.727,9.2917,13.002,6.6663,11.9692,11.7421,12.6242,15.3444,14.6494,10.8975,8.3799,11.3884,13.7807,8.5873,19.199,19.5954,8.782,11.6496,17.3558,11.8383,11.6448,6.1611,11.8254,16.8789,16.2605,14.1219,13.6321,15.9786,9.567,12.2341,15.6327,Basal,Other
TCGA-CV-5973-01,11.5242,0.0,4.385,10.3288,5.7562,6.0148,11.7161,6.2084,10.6971,11.001,12.8082,13.0471,11.2209,9.7624,9.9663,8.7726,13.3277,9.0193,19.2095,19.8589,11.1141,12.2608,16.0614,13.0659,12.8308,4.5975,11.1436,17.8343,17.833,14.2786,13.3876,14.747,10.6936,13.1703,15.5028,Basal,Other
TCGA-BA-6871-01,14.1872,6.0643,8.2866,10.2496,9.2742,9.448,15.8975,7.6325,14.3836,10.0885,11.0838,17.8307,17.1286,12.5971,10.3049,13.2881,11.7433,11.0559,16.8224,13.2374,12.7995,12.4704,14.5619,13.544,11.0823,6.3353,10.8411,16.8885,19.2034,15.4187,13.9637,16.109,10.4309,12.6092,14.2353,Mesenchymal,MS
TCGA-CX-7086-01,11.3456,1.065,6.7697,10.1447,6.8256,7.0803,10.9876,5.0299,10.3213,8.6865,11.3261,13.2362,12.6438,9.0155,6.0871,9.4085,13.0671,9.8193,17.9774,18.52,10.4209,11.1065,16.727,11.7349,12.7571,7.8545,11.7757,17.2638,16.6058,14.489,12.6271,15.2932,9.9289,12.3584,15.6883,Atypical,Other
TCGA-CR-7390-01,13.7707,7.1707,6.9563,11.1699,8.6567,9.2964,16.1176,7.955,13.5401,11.1678,11.8231,17.47,16.5009,11.2238,9.2473,11.8742,13.9193,11.3409,17.5866,18.35,10.828,11.1484,17.092,14.5118,12.8007,8.7099,12.208,17.2505,16.9492,14.7922,11.717,14.6782,10.6934,12.2883,15.5342,Classical,Other
TCGA-CV-7183-01,12.6666,4.978,4.978,10.9584,7.6975,7.5651,14.2698,5.4923,12.3083,9.8593,11.2236,16.883,15.9682,10.0569,8.4616,11.4365,14.2611,6.0475,20.1931,20.5453,6.5506,10.9417,18.1077,12.592,11.9704,8.9293,12.2022,17.5103,16.6901,14.137,13.4579,15.0583,9.1087,12.407,15.9775,Basal,Other
TCGA-CN-5358-01,14.8534,5.9307,7.387,10.6474,10.1377,10.969,16.6952,8.2639,15.0202,13.3337,11.2789,18.7192,17.9055,12.0306,10.8278,13.3021,12.5458,6.8245,18.014,18.2173,8.2419,10.2959,16.4262,12.8901,10.2089,6.944,11.6504,17.0466,15.6028,14.1265,12.8182,15.9363,8.5245,12.1971,14.2938,Mesenchymal,MS
TCGA-CN-6989-01,15.623,8.5696,8.3524,10.9843,10.0792,10.9104,17.4139,8.6165,14.5333,13.8498,11.9661,18.5997,17.7011,12.7491,10.6948,13.6585,13.6245,11.8184,17.6922,16.6423,13.3351,11.9817,14.6372,11.7434,11.5327,7.7073,11.1955,17.0054,16.6034,14.7519,12.3012,15.2819,10.2085,11.6342,15.6713,Mesenchymal,MS
TCGA-CV-6941-01,13.5312,7.0865,6.5926,11.2469,8.7299,9.1183,16.1487,8.1953,13.7814,12.2839,11.1013,18.035,17.0861,12.238,9.6253,12.2582,13.4591,11.3669,17.8761,18.2073,13.0353,11.766,16.8726,11.1285,12.3793,7.8369,11.5364,16.8849,16.3504,14.4125,12.502,15.3268,9.9407,11.6388,14.9441,Classical,Other
TCGA-CR-6484-01,14.507,4.2586,6.9125,11.0797,8.5622,10.3459,15.7413,7.9766,13.6073,13.2655,11.2169,18.0093,17.1136,11.242,9.1186,12.5168,12.1637,8.1796,18.8923,18.852,7.5041,10.4708,16.36,13.2353,10.2469,6.2852,11.7594,16.97,15.8003,14.2652,12.8108,16.7222,9.0052,12.4048,14.6537,Mesenchymal,MS
TCGA-CN-6024-01,13.4161,6.7696,6.8694,11.6448,9.2927,9.0588,15.7259,7.7972,12.4972,11.0632,11.7705,17.3498,16.2865,12.4705,9.2355,11.6246,13.058,11.5087,17.815,18.1164,13.3327,10.917,16.2835,10.5729,13.2356,8.5025,10.2027,16.9263,18.673,14.4636,13.019,13.3193,10.408,12.3642,15.7104,Classical,Other
TCGA-CR-7392-01,13.9926,7.5177,7.0516,11.1316,9.6094,10.3244,16.2389,7.923,14.5624,11.9579,11.7928,17.6853,17.1093,11.0063,10.3914,13.0064,13.6435,8.0936,17.8599,18.3996,11.6646,10.8368,16.6642,13.3175,10.2565,6.2968,11.2806,16.9176,15.5357,14.4974,12.5865,16.4806,9.1218,11.7985,15.0944,Mesenchymal,MS
TCGA-CR-7379-01,14.3094,9.4942,8.1625,11.9729,8.2551,9.5887,16.4275,8.0451,13.0162,11.5874,11.782,17.9566,17.1357,11.6833,9.5917,12.4153,13.3441,9.3256,18.9788,18.9905,12.4696,12.0831,16.5598,12.8075,11.7218,7.0153,11.9846,17.5934,16.6626,14.6851,12.8927,15.1213,9.9806,12.6908,15.3366,Basal,Other
TCGA-CX-7082-01,13.017,4.4219,6.1472,10.418,8.2083,8.2646,14.2983,6.6797,12.4445,9.6438,10.9051,16.5014,15.4873,10.1347,7.9913,10.8177,14.1995,11.024,18.2919,15.9444,13.853,12.8428,15.5458,12.2639,12.2662,6.6469,11.24,16.4936,16.4037,15.0676,13.0339,14.96,9.5099,12.0956,15.065,Classical,Other
TCGA-CN-4733-01,14.9415,7.3616,7.3572,10.0141,9.6868,10.2727,14.9323,8.2182,14.181,11.8826,11.5913,17.3383,16.7026,10.4673,10.1657,12.712,12.2459,8.9722,17.6073,18.1735,10.7943,11.5115,15.548,12.0601,9.9779,5.4088,10.5699,17.1466,16.2197,14.8082,12.7303,16.3054,9.1781,11.8565,14.522,Mesenchymal,MS
TCGA-CR-7389-01,13.9264,4.9612,6.5669,11.0878,9.6352,9.7744,13.8569,6.906,13.5277,9.3491,11.9732,16.4154,15.6945,11.1602,8.6532,12.4157,13.6685,8.5064,18.8018,18.3074,10.7274,10.3864,17.4631,11.7028,11.8475,7.9076,11.454,17.0394,15.3545,14.3903,13.2663,16.5347,8.632,12.3126,15.1483,Atypical,Other
TCGA-CN-6023-01,12.4997,6.2639,5.0898,10.0503,9.1982,9.2031,12.8567,4.5905,10.7072,10.252,9.913,14.1088,13.3498,9.8983,6.7193,10.0973,12.7653,11.9512,16.0311,8.991,15.5358,14.2703,14.1757,14.8957,11.7214,6.6364,10.9375,16.1143,16.8438,14.3524,13.7534,15.5572,10.2841,12.4305,14.1173,Classical,Other
TCGA-CV-7430-01,12.1765,4.6668,5.7344,10.4317,6.4069,6.7208,12.9567,4.7794,11.3061,8.2775,11.3798,14.2909,13.3713,9.5634,6.6185,8.8999,14.6337,10.7861,18.9195,17.6447,11.136,12.4522,15.9082,14.5992,14.3411,8.8599,12.6474,17.4294,16.6879,13.1255,12.2751,14.9202,9.9414,11.1182,15.6081,Classical,Other
TCGA-HD-7832-01,13.1415,4.266,5.7539,11.652,7.185,7.407,14.149,6.3205,11.4266,10.8883,11.5011,15.8494,14.5741,10.2298,8.5341,10.5077,13.2548,9.0948,18.7102,18.6119,10.6306,12.2041,16.4991,13.4472,9.6138,7.6251,11.2829,17.1224,16.7378,14.4548,12.2395,16.196,9.6337,12.5636,15.3737,Basal,Other
TCGA-BB-4228-01,13.0253,5.2433,7.087,9.4433,8.8932,8.0585,14.5533,5.785,11.2366,10.6875,10.4398,15.3277,15.0728,11.5231,8.3891,11.2499,11.9056,9.8678,17.9403,9.323,13.6996,13.3149,15.7373,14.6478,14.385,8.2768,11.4278,16.6197,16.3297,14.84,14.1613,14.5254,9.2204,12.6483,14.9237,Atypical,Other
TCGA-CV-6943-01,14.9417,7.6678,6.9998,10.5708,9.3828,9.869,16.8589,8.2101,15.3004,10.4655,12.4712,19.1724,18.2468,11.6587,10.3233,12.6792,13.7473,5.9932,19.1523,19.4736,11.3712,10.5147,16.2652,12.8617,11.7985,7.7966,11.8117,17.3525,15.8635,14.4207,12.8003,17.1103,9.4325,11.9226,15.2425,Mesenchymal,MS
TCGA-CR-7367-01,14.0767,7.9526,6.788,11.1689,9.6912,10.1017,17.437,7.9167,14.5028,13.4378,11.6267,19.1736,18.2836,12.2073,10.9507,13.1556,13.0491,9.2496,18.4517,18.2436,10.6581,11.07,17.2201,11.8858,10.1527,6.7202,12.06,16.9909,16.6224,13.7683,13.605,15.1174,8.9168,12.2771,14.9649,Mesenchymal,MS
TCGA-CV-5441-01,13.0485,3.6678,6.688,10.8413,8.1098,8.3736,14.1724,7.2987,11.4471,12.011,12.1463,16.5088,15.6945,11.1748,8.0835,11.8108,13.0837,10.1638,18.9243,19.1923,10.5752,10.1561,15.7902,10.7715,11.0628,6.446,10.4401,16.8372,16.5452,14.6445,14.2889,14.803,10.2165,12.876,14.493,Basal,Other
TCGA-CV-5971-01,14.5661,6.0208,7.9204,9.7099,11.356,10.8761,15.5429,7.1372,14.6641,12.8073,10.7251,17.4573,16.5888,13.1093,10.3659,12.4204,10.5119,5.5168,14.371,15.3496,5.2281,9.9084,12.9252,8.8457,7.0495,3.8076,11.0906,16.8282,17.0346,14.0463,12.9063,15.6027,9.5306,11.8858,13.7199,Mesenchymal,MS
TCGA-CV-5970-01,13.3593,6.3307,5.8542,10.937,8.3691,8.9157,15.0319,7.6418,12.7739,10.4182,11.3923,17.0009,16.3225,11.2695,9.837,11.8134,14.0049,8.8194,18.6238,19.4675,6.5088,9.8575,17.0027,12.7444,11.7119,7.2709,12.023,16.9336,15.7777,14.0313,12.2662,15.3802,10.2256,12.0978,15.512,Basal,Other
TCGA-CN-5366-01,14.0304,5.1315,6.7328,11.7854,8.9625,9.2189,15.6138,7.7404,12.4921,12.0549,11.7089,17.4231,16.6776,11.8488,9.5627,12.7509,13.5252,10.486,18.8888,19.2585,11.2566,11.7442,16.9147,13.8614,9.5326,5.9127,11.6767,17.1625,16.8361,14.8729,12.6474,16.1368,10.1576,12.656,15.7638,Basal,Other
TCGA-CV-5431-01,15.0099,7.0632,7.7749,10.1583,9.0551,9.7761,16.2596,9.7134,13.4832,11.7727,11.2525,17.9629,16.9177,11.411,9.922,12.5957,11.8956,10.0148,17.662,17.238,11.4046,11.1668,15.4975,14.7435,10.6707,4.4455,10.9196,17.521,17.4607,14.8632,13.1892,16.0208,9.9901,12.7332,14.0957,Mesenchymal,MS
TCGA-CR-5247-01,14.3166,8.3069,6.7823,11.0753,9.3213,8.9874,17.4438,8.5703,14.1981,12.5617,12.775,18.8519,18.176,13.3436,10.8093,13.0174,13.9025,10.8924,18.772,19.2593,12.7979,12.9661,16.2461,14.3668,11.59,7.5602,10.7148,17.1712,17.3601,15.1419,13.136,14.9802,10.1953,12.0583,15.4427,Classical,Other
TCGA-BA-6873-01,14.851,9.2422,5.852,12.3222,8.157,8.3888,17.6169,8.2046,12.9926,14.7533,11.8976,16.079,14.4297,10.0795,10.0442,10.9983,13.3404,9.3377,18.8411,19.0102,12.875,11.3771,16.1886,9.6267,8.4637,4.136,11.6504,17.4245,17.436,15.1698,12.5156,16.5941,10.2704,12.4733,15.7647,Basal,Other
TCGA-CN-5369-01,14.1699,5.0171,7.4891,10.971,8.8136,9.3274,14.8655,6.8219,12.9824,11.9355,11.4824,16.4604,15.709,11.1981,9.2922,11.9117,13.6928,7.9703,19.3876,19.151,14.3702,12.9928,16.5797,12.0703,12.2014,8.6062,12.0996,17.9703,16.4006,14.4733,13.4398,16.6519,9.5024,12.3162,15.4163,Basal,Other
TCGA-CN-5356-01,13.5419,2.5262,6.5544,11.0431,9.4918,9.1953,14.9013,6.3949,12.9851,8.9927,10.7692,16.8015,16.2693,10.7784,8.61,12.5819,13.437,10.8103,18.7555,18.5332,11.2674,12.2732,16.1927,13.7349,10.5245,7.1358,11.9693,17.2634,15.9326,15.3783,12.8517,14.3222,9.8261,12.2603,14.5984,Mesenchymal,MS
TCGA-CV-7407-01,12.9469,2.4439,7.9118,10.0506,7.8736,7.8274,12.5568,6.8125,11.3861,10.3098,11.4741,13.4476,12.7223,9.5783,7.4508,9.4794,13.3425,10.97,18.8618,13.3651,12.9077,12.4047,16.2706,14.3501,13.5389,7.8827,10.6245,17.1635,16.8542,14.6507,13.3905,15.9844,10.9038,12.3492,15.0216,Atypical,Other
TCGA-H7-7774-01,12.3437,2.2104,2.8776,9.4217,6.9896,7.3236,9.8664,5.9803,9.644,9.3543,10.6823,12.0438,11.5096,7.6628,4.3892,8.2922,13.9456,8.4853,18.9831,19.2988,11.0896,10.9254,17.7685,11.6547,12.8648,9.4368,12.1848,17.4308,17.1964,13.6618,12.73,16.3781,9.1982,12.2689,15.5613,Atypical,Other
TCGA-CR-6493-01,13.1805,4.1643,5.1858,11.0929,6.1299,6.7337,15.6805,4.8039,11.1859,9.97,11.8478,14.3022,13.2176,8.9414,8.7624,9.7297,13.108,9.5021,18.9974,18.9765,12.7581,12.6672,16.4421,12.2799,9.7861,5.3445,11.777,17.4946,17.2599,15.2565,12.9606,15.8617,10.3498,12.3892,15.6018,Basal,Other
TCGA-CR-7368-01,12.5062,3.6412,5.4092,10.088,7.6984,8.7758,12.4016,7.6687,11.1861,10.4382,10.4717,14.4355,13.7906,9.4082,6.8218,10.5197,13.0788,9.6051,18.6744,18.6066,11.9211,11.2729,17.3206,11.5363,11.1013,8.0025,11.8732,16.1209,15.6371,14.7927,11.4774,15.5578,8.9151,12.033,14.8662,Atypical,Other
TCGA-CQ-7065-01,11.9689,2.6959,4.3017,11.5803,7.0299,6.722,11.898,5.837,12.8487,7.3537,11.9157,14.8245,13.788,9.665,7.933,10.1945,13.7709,7.3211,18.9744,20.266,9.7381,10.2062,16.911,12.8865,9.6958,4.5184,11.2151,17.0365,15.9433,14.0771,12.4718,15.8241,10.3126,12.8499,15.9471,Basal,Other
TCGA-CQ-5334-01,14.7916,6.6172,7.6238,10.872,8.8185,9.8804,16.259,7.905,13.6232,12.4237,12.6758,18.421,17.7695,12.1541,10.632,12.6549,12.4818,8.6627,18.4921,18.5151,12.5423,12.7426,16.1377,2.3911,7.5675,5.2219,11.9905,17.442,16.1962,15.2317,12.7707,16.1663,10.2603,12.3938,15.2836,Mesenchymal,MS
TCGA-CV-6939-01,13.6923,4.7402,7.7507,9.2709,8.3881,8.961,14.5255,7.2916,12.8654,10.944,10.3565,15.2723,14.4756,10.8122,8.6932,10.9971,13.5633,10.3738,17.6989,12.7177,13.5967,12.5971,15.7759,14.0416,13.4137,8.049,11.7662,16.4996,15.2827,14.1988,12.6145,15.9438,9.4557,11.7824,14.4223,Atypical,Other
TCGA-CV-5442-01,10.4034,0.0,6.266,10.4449,4.1927,5.8604,8.9889,3.3825,7.6889,8.6982,10.3275,11.7895,10.525,8.3603,3.059,7.7948,13.2304,4.7651,19.2262,19.6165,4.7087,11.3911,17.9593,11.5826,12.96,7.3842,12.231,17.5447,16.1089,15.1882,14.1558,11.765,10.0322,12.846,15.623,Basal,Other
TCGA-CV-7104-01,14.4699,6.9017,6.6929,11.0833,9.0941,9.2932,16.2254,8.0301,13.5554,12.533,13.0067,16.8513,15.824,10.7631,9.6392,10.4587,12.8518,9.0458,19.0179,19.4508,12.8711,12.1719,16.6333,13.6903,11.7903,6.9124,10.6314,17.1621,16.1619,14.6621,11.93,15.8176,9.8616,11.6701,15.8155,Mesenchymal,MS
TCGA-CR-5249-01,13.5399,5.1537,4.9255,9.5887,8.224,9.2197,12.9824,6.6107,11.2947,10.9968,11.8308,14.6997,14.133,9.812,7.08,11.008,13.9309,9.6877,18.6807,14.7375,12.6782,11.1473,16.0527,13.0761,11.313,7.2483,11.5426,17.0368,16.3051,14.6998,12.9874,15.8028,9.2831,11.8081,14.7258,Atypical,Other
TCGA-CN-4741-01,12.4246,4.09,5.0169,10.2514,7.4675,7.7241,12.5823,7.2488,11.5073,9.7265,10.7952,15.2118,14.4605,10.0029,6.9714,10.3061,13.4143,9.2237,18.7519,17.4772,9.3407,11.6034,16.6943,13.2675,12.6838,7.8338,11.9636,16.8642,15.7522,14.453,11.667,15.622,9.2054,12.3046,14.5444,Atypical,Other
TCGA-CV-7097-01,13.5938,7.2884,7.9705,9.8628,9.4516,9.8133,16.8426,7.9748,13.5661,13.5991,11.3641,17.1329,16.3138,11.7492,9.4105,11.5129,13.1982,9.5624,18.5711,18.9602,11.9475,12.1924,16.7022,15.1699,11.3242,7.8551,11.7544,17.4738,16.6321,14.9511,12.8996,15.9801,10.3261,12.3137,14.9503,Mesenchymal,MS
TCGA-CQ-6218-01,13.4877,6.0107,7.0465,11.0604,7.6793,8.2379,14.7118,7.4225,12.9332,11.1667,11.5198,16.4061,15.6678,10.803,9.1435,11.1063,13.7514,9.5702,19.5606,20.2318,11.8185,11.438,17.4733,13.6037,11.2009,7.5743,10.9282,17.1184,16.7554,14.5692,12.8116,16.6321,9.296,12.6961,15.9412,Basal,Other
TCGA-CV-6952-01,12.8442,6.1657,6.2163,11.6399,7.6076,7.6993,14.7003,6.7209,13.0202,12.8947,11.8287,14.3478,13.406,9.5761,9.6625,9.909,14.0897,8.5622,19.4565,19.777,10.997,11.2348,17.1519,13.1221,11.6695,8.1806,11.7661,17.2528,16.4342,14.3632,12.1642,16.7145,9.4581,12.2153,15.9545,Basal,Other
TCGA-CV-6954-01,13.4321,6.5839,7.4109,10.2477,8.5193,8.6921,15.177,8.1776,12.8732,8.6599,11.5601,16.163,15.6344,10.905,9.3857,11.8982,13.983,10.2114,18.0492,18.5713,11.8945,11.706,17.8487,15.4554,9.2645,5.84,10.722,16.8704,15.9964,15.0614,12.9741,16.3004,9.0122,12.3927,14.9426,Basal,Other
TCGA-CN-6013-01,13.4789,2.9729,7.6349,9.8099,8.0255,9.4039,14.372,6.2804,11.3886,12.1964,12.0465,15.3102,14.3512,9.2103,7.4737,10.5097,12.9111,7.9494,18.8223,18.7748,6.6972,8.933,16.4147,13.2422,12.0717,4.7321,11.381,17.5261,16.2817,13.9479,12.2581,17.0321,9.7491,12.3835,14.9817,Atypical,Other
TCGA-D6-6515-01,14.8231,6.1898,6.2209,10.7228,9.6235,9.9928,16.2012,7.3443,13.6596,11.4103,11.9825,17.8504,17.0718,11.6758,10.8367,12.6847,13.3339,7.7799,18.1704,18.3138,13.4943,12.479,15.7775,11.2537,8.5911,6.4482,10.9705,17.3836,16.2809,14.8877,12.803,17.0789,9.6934,12.1486,14.5622,Mesenchymal,MS
TCGA-CV-6959-01,13.3896,5.654,7.0213,11.5406,8.7977,9.2077,14.5493,7.0285,12.5786,12.2417,11.8139,15.521,14.8154,10.6637,9.4304,11.2169,12.9753,6.9049,19.2376,19.1996,12.5525,12.4392,16.7975,12.01,10.5285,6.5374,12.0297,17.2724,17.1983,14.922,12.4805,16.4523,9.8263,12.1799,15.4153,Basal,Other
TCGA-CV-7414-01,13.1546,7.5303,5.253,9.8511,8.1202,7.9221,15.0681,8.4806,12.4583,10.3981,11.4288,17.499,16.4902,11.5453,8.1052,10.9322,13.1058,11.1161,19.3691,16.5439,15.1916,11.9742,15.8984,12.9597,10.9441,6.0021,11.39,16.8349,16.4022,15.6561,12.4264,15.4328,9.647,12.6395,15.5038,Atypical,Other
TCGA-CQ-6224-01,15.0203,8.7851,7.4019,11.9167,10.2537,10.7025,18.195,8.495,14.9281,13.5216,12.0516,19.324,18.4938,12.4068,11.5307,13.2943,11.7167,7.8517,18.2717,18.1801,11.792,11.6471,14.8236,10.9269,9.1631,2.7476,12.748,17.5208,16.8205,14.8776,13.0485,16.1313,9.1665,12.1189,15.041,Mesenchymal,MS
TCGA-CV-7178-01,13.9357,6.0061,7.3748,12.4055,9.4884,9.4347,16.1848,7.4668,13.7939,12.6773,11.3253,18.4639,17.5009,11.8956,9.9442,12.1071,11.7714,8.5392,18.5737,18.4828,6.107,9.9716,16.3053,11.6941,10.7786,3.4943,10.9973,17.5629,16.493,14.4405,13.3048,16.3055,10.4829,11.7033,15.1531,Mesenchymal,MS
TCGA-CV-7102-01,15.0139,8.1049,7.495,11.8151,9.3176,9.6912,17.0697,8.4203,13.6325,13.7787,12.4133,17.7638,16.6356,11.4294,10.379,11.9628,13.1951,9.3613,19.284,19.6136,8.7587,11.0357,15.999,10.244,5.257,3.6103,11.5683,17.6319,17.295,15.3802,12.8142,16.0406,10.262,12.386,15.5338,Mesenchymal,MS
TCGA-BA-6870-01,12.9834,7.0089,6.9384,11.6871,7.5359,7.7205,12.9159,7.0637,14.3129,10.4796,12.0554,15.047,13.945,10.1664,8.0707,11.3779,12.6577,7.4436,19.3765,19.6403,7.8748,10.9853,16.4783,11.6303,11.6736,4.8395,11.2102,17.9386,16.4674,15.062,13.4762,16.7143,9.7408,13.0224,15.6992,Basal,Other
TCGA-CV-7250-01,12.1843,3.5068,5.4387,9.4309,6.2869,7.3826,12.2921,5.9922,10.1371,11.152,12.5399,14.2122,13.309,9.3648,6.2186,9.8646,14.1813,10.1167,16.6821,17.6934,12.2819,11.0436,16.1211,6.5314,12.6792,6.691,11.5913,16.9305,16.6806,14.595,12.8717,15.2421,10.0691,12.01,14.3554,Atypical,Other
TCGA-CV-5439-01,11.9494,1.2019,6.584,10.859,6.6725,6.5377,11.2184,5.5262,10.8263,8.9392,12.0975,13.5507,12.4764,8.6604,6.4545,9.1782,13.2907,7.8034,19.2695,19.8218,6.2804,10.5533,17.3187,11.4468,12.557,6.2964,12.1744,16.5901,16.2142,13.6763,13.3528,16.4644,10.6719,12.6317,14.887,Basal,Other
TCGA-CV-7440-01,14.1382,5.2699,7.2599,11.5074,7.7995,8.3335,14.3098,6.3571,11.4714,14.7441,10.7359,15.3114,13.8962,10.4468,9.2082,9.7285,13.694,11.8985,17.4234,16.641,14.5084,13.7985,16.4251,13.9357,10.3228,8.4029,11.3462,17.8421,16.9505,15.266,13.7747,15.1252,10.8396,12.9361,15.502,Classical,Other
TCGA-CQ-6223-01,12.037,2.0856,5.4322,10.587,6.7509,7.2381,11.8308,6.8977,11.7479,10.9222,12.0678,14.3429,13.4435,8.1769,6.9783,9.3223,13.6907,8.2089,19.296,19.7731,4.9672,9.3967,17.286,11.0491,11.8947,5.559,12.0302,17.1424,16.0375,13.4158,12.7828,16.3839,9.4005,12.389,15.3946,Basal,Other
TCGA-CR-7394-01,14.0135,5.4661,6.6849,10.6082,9.1721,10.1488,15.0181,7.0987,13.0603,11.1954,11.1986,17.1753,16.5818,10.5222,9.1817,12.4361,13.8828,6.4709,18.4044,19.1303,9.5022,10.6887,17.4382,11.9814,11.3559,9.4067,12.1497,17.2473,15.7312,14.0047,12.5811,16.4853,8.8838,11.859,15.0062,Basal,Other
TCGA-CV-7103-01,15.141,8.3496,7.1958,10.5281,10.7234,10.222,17.23,8.4565,14.5604,11.3208,11.5688,18.918,18.0265,14.2148,10.8607,13.3234,14.4561,11.7044,16.9934,15.7683,12.8481,11.719,16.1895,12.2051,11.3448,7.3586,11.1658,17.261,17.0709,14.8756,12.9159,14.3383,9.6916,11.6055,15.0854,Classical,Other
TCGA-CN-6019-01,15.7137,7.7605,8.16,9.6539,10.4984,10.4116,17.4096,9.381,15.5553,15.3008,11.7158,19.3794,18.4562,13.3805,11.333,13.5233,13.1598,10.5666,15.9586,15.5254,12.1324,11.3558,16.0154,11.6709,13.3927,8.2441,11.2926,17.1269,16.1511,13.6874,13.6452,15.6626,8.9801,11.8339,14.5089,Mesenchymal,MS
TCGA-CR-7380-01,14.0176,5.2026,6.0375,11.2662,8.5087,9.6751,15.4181,7.7512,12.4224,11.6239,12.0066,17.7257,16.7758,12.0228,9.5106,12.3974,13.9672,9.0264,19.2037,19.162,7.8541,11.0933,17.6379,11.3236,10.0804,7.1729,12.0384,17.4688,16.2008,14.3948,12.3013,16.0923,9.8541,12.905,14.7695,Basal,Other
TCGA-CN-5355-01,14.1762,6.6478,8.173,11.9348,9.3849,9.4781,16.5559,7.9981,14.2446,11.3411,11.6108,17.874,17.0488,11.9269,10.3314,12.7319,13.7193,8.2862,18.7628,18.4716,8.3724,11.1461,16.3925,13.6162,10.542,7.3562,12.0032,16.9022,15.8371,14.2037,12.8543,15.0697,9.3091,12.5124,15.508,Basal,Other
TCGA-D6-6826-01,14.4282,6.5662,6.3958,11.312,9.2881,10.6175,15.2653,8.2958,13.0002,13.4968,11.5151,15.6048,15.124,10.8377,9.5456,12.2591,13.172,9.6135,18.4469,17.3971,10.8523,12.945,15.6622,13.8884,11.4653,8.8363,11.7645,17.0486,15.5458,13.9696,12.5059,15.4679,10.2303,12.2232,15.0371,Mesenchymal,MS
TCGA-BA-5149-01,14.6788,5.5918,7.5027,11.8332,7.5821,8.0621,14.642,6.8493,10.8996,11.3819,12.4944,16.4085,15.567,10.8741,9.7349,11.7912,13.1013,9.2867,18.5298,18.8892,7.2408,12.1777,16.6096,12.7404,10.9406,6.3105,11.7721,17.737,16.3,15.1167,12.4257,15.9436,9.9318,13.416,15.9835,Basal,Other
TCGA-CQ-5324-01,13.5477,6.1552,6.3795,11.1525,7.9966,8.192,14.9444,6.6061,12.317,10.4556,12.9484,16.3873,15.3203,10.1958,8.3521,11.6137,13.6612,8.0509,18.4862,16.3544,12.5995,12.8526,16.1425,12.1435,13.3517,8.3204,12.1969,17.2981,16.9264,14.5638,14.2471,15.8441,9.7262,12.0385,15.5491,Classical,Other
TCGA-CV-7423-01,13.1552,5.7103,6.5539,11.6312,7.6925,7.7305,14.5076,7.4584,12.3785,12.8447,11.7123,16.4693,15.54,10.2809,9.7835,11.3794,14.0396,7.4231,18.8934,19.6902,5.2135,10.2572,17.3232,13.8099,11.6223,6.0244,12.583,17.7359,16.1108,14.5635,11.7291,15.4528,9.2306,12.6448,16.0389,Basal,Other
TCGA-CV-6934-01,15.6475,9.2666,9.0076,11.1133,10.4537,10.8219,18.3539,8.9221,15.4148,14.4625,12.344,19.0565,18.0506,13.8347,11.4247,13.1312,13.3123,9.2165,17.6324,17.9521,10.3259,10.0014,14.4495,12.047,10.6918,6.9618,11.4453,17.2977,16.3118,14.4407,13.1427,16.5687,9.845,11.7821,15.1208,Mesenchymal,MS
TCGA-CR-6491-01,13.0258,3.0525,6.027,10.8552,7.48,7.2825,13.8141,5.716,11.6477,10.0265,12.6951,15.6004,14.7517,9.4288,7.2367,11.5283,13.7177,9.1747,20.0636,20.4224,11.0318,11.7681,17.9376,13.5948,11.3362,5.5158,11.9158,16.7191,17.086,14.723,13.4652,15.7936,9.5054,12.7411,15.6299,Basal,Other
TCGA-CR-7364-01,12.6076,1.993,6.8576,9.7826,8.3614,8.3726,12.4312,6.0477,12.5276,10.2538,11.1921,15.2133,14.8246,9.1337,8.0076,11.4556,14.2441,11.4538,18.1495,16.5888,12.3057,12.3076,16.9307,14.3925,13.3902,9.1567,12.106,16.7317,16.1725,14.2838,12.9935,14.7106,9.5735,11.9023,14.8819,Atypical,Other
TCGA-BA-5557-01,16.2528,8.4631,7.9528,11.2427,9.5067,10.74,17.3693,8.7482,13.7774,15.2975,13.2511,18.6224,17.8572,11.7892,10.7024,13.0946,13.8504,6.5546,18.2509,19.5296,6.8506,9.4515,17.6416,13.6286,13.374,8.7411,12.2277,17.8473,16.725,13.739,12.9414,15.8475,9.5273,12.4897,16.1393,Basal,Other
TCGA-CV-6003-01,11.8077,2.7193,6.56,11.3051,6.6156,6.2096,14.0381,6.6884,12.0481,12.8055,11.853,13.9569,12.8025,9.4051,8.7611,9.4602,13.3199,10.6045,18.6962,19.4313,13.1577,12.7859,15.3069,12.848,11.5126,5.5136,11.1124,17.8188,17.5912,15.9446,12.2725,15.9866,10.7338,12.261,15.7747,Basal,Other
TCGA-CR-5250-01,12.9341,4.827,5.9996,9.8775,8.4926,8.0352,14.086,6.8336,11.7155,12.6661,10.9147,15.8048,15.0173,11.0647,7.6162,11.5278,13.0677,8.891,18.1148,15.2698,11.8606,12.5633,15.8787,14.4217,13.5986,8.582,11.8696,16.2433,15.69,14.399,13.239,14.987,8.0069,12.2528,13.6707,Atypical,Other
TCGA-CV-7095-01,12.354,5.0245,7.2913,10.8876,7.3343,7.8405,13.4151,6.8794,11.1548,11.6159,12.7227,15.6701,14.6146,10.1343,10.4185,10.3695,13.8656,9.6443,19.4815,19.7839,11.6967,11.3309,16.7531,12.9112,11.7884,5.4804,11.3718,17.5732,16.6639,14.8424,12.6561,15.6266,10.3804,12.1029,15.5637,Basal,Other
TCGA-CV-6935-01,14.2729,6.9992,7.348,10.3303,8.9174,8.438,16.8793,7.8018,13.3698,11.6018,12.225,17.788,16.7617,11.8023,9.4137,12.121,12.7112,11.1134,19.0622,18.1497,13.395,12.5723,15.8985,13.32,12.7492,7.3226,10.6703,17.0113,17.3366,14.5801,13.6756,14.143,9.5318,12.3847,15.3352,Classical,Other
TCGA-CV-7243-01,13.9372,6.6536,6.2828,12.196,8.833,8.7311,15.7187,8.923,14.1253,12.1067,12.4748,18.2659,17.222,12.2474,10.0702,12.5307,13.4475,8.936,20.0283,20.4036,11.2342,12.1861,17.6836,12.3437,9.9251,2.537,10.7465,17.8748,16.2765,15.2887,13.1238,15.0938,10.1271,12.7995,16.0199,Basal,Other
TCGA-CV-6933-01,14.5323,6.1088,6.5949,10.5109,7.9541,9.4477,16.3365,7.6297,12.4744,15.17,11.6003,17.0376,15.8721,11.5255,8.9323,11.0443,13.7916,11.4636,18.0968,18.0699,11.1189,11.0576,16.8902,14.0046,12.7867,6.0407,11.0484,17.3944,17.1498,14.7635,12.071,14.914,10.3275,12.3361,14.526,Classical,Other
TCGA-CV-7248-01,13.8605,5.2095,7.9085,9.8919,8.6229,8.9756,14.7623,7.7424,12.5457,12.0027,11.5024,16.2859,15.1819,11.9529,8.8328,11.4699,14.4253,11.6575,16.5213,16.1664,14.2461,13.2963,14.9132,10.1271,12.7257,7.4743,11.5975,16.8663,15.7809,14.0264,13.0829,15.2144,9.6208,12.1402,15.5264,Atypical,Other
TCGA-CQ-6229-01,13.9519,7.4891,5.273,11.0144,8.6572,8.3602,14.4269,6.5054,12.6417,9.4578,10.9837,16.0016,14.9493,10.2627,9.0881,10.9019,13.684,9.3265,18.3439,19.7078,7.2741,9.4124,17.6474,12.9553,11.0055,7.5961,11.1021,17.1383,15.9025,14.8469,12.5554,16.1474,9.8002,12.5735,15.7239,Basal,Other
TCGA-CN-4731-01,13.6768,5.4467,7.6682,10.7003,8.0848,8.2119,16.4937,8.3838,11.8867,11.9265,12.2065,16.9731,16.032,11.5713,9.7762,11.5197,13.1202,10.7399,17.7275,17.9706,14.3154,12.9471,15.9413,14.505,10.6894,7.3166,11.1521,17.4369,17.0204,14.5654,13.6986,16.5697,9.539,12.7826,14.6816,Classical,Other
TCGA-CV-7418-01,12.5345,7.5904,6.9532,9.9153,8.0592,8.3327,13.3022,6.9716,10.646,10.5413,10.941,14.487,13.4752,9.8055,7.5634,10.0135,12.8695,13.3204,17.5666,13.6662,15.2137,13.7422,14.748,10.7282,13.2775,7.4299,11.8547,16.4563,17.865,13.8664,13.2518,15.6202,10.5861,12.4425,15.4034,Classical,Other
TCGA-IQ-7631-01,15.1716,7.5355,7.2869,10.7119,9.6788,9.3004,16.7862,8.8098,14.052,14.9342,11.2789,19.7005,18.5997,13.0024,10.7158,12.895,11.9753,9.2902,15.3812,14.1218,13.366,13.4437,14.5546,13.0767,11.2019,4.4632,10.6149,16.8207,16.9718,13.9231,14.6799,13.9329,8.9841,12.6487,13.4384,Mesenchymal,MS
TCGA-D6-6516-01,12.5736,2.1104,5.618,10.2803,7.1414,7.7116,12.368,6.0469,12.0427,10.8751,12.235,15.0544,14.3496,9.7811,7.1749,10.6161,13.9419,7.6203,19.4553,20.3589,7.9457,10.4961,17.3559,10.1175,11.0509,4.6707,11.8314,17.4386,16.3709,13.9592,13.458,16.0978,11.0816,12.5817,15.6228,Basal,Other
TCGA-CV-5436-01,13.9841,5.1405,6.3865,11.7202,8.2739,8.338,14.079,7.7631,12.4757,11.2929,12.0665,16.0877,15.2099,11.0104,8.045,11.4582,11.7843,6.8757,19.2272,19.8253,11.6611,9.8996,15.7865,9.9917,7.9628,5.1812,10.4342,17.0178,17.0004,14.4085,13.4036,16.5251,9.4483,13.0405,15.5704,Basal,Other
TCGA-CV-7238-01,13.5461,6.0861,7.1224,11.4964,9.4487,9.3535,14.1149,7.2776,13.2274,11.9934,12.1247,15.9288,14.9364,10.879,10.0307,11.3412,12.6174,8.8449,18.2282,18.9589,6.8559,10.5693,15.8803,11.4749,10.8243,6.409,11.6228,17.0463,16.3126,14.5609,12.4671,15.435,9.538,12.58,15.5663,Mesenchymal,MS
TCGA-CR-6467-01,13.3668,5.4992,7.2425,9.2053,7.8444,8.8033,13.4965,7.2526,9.7211,11.0106,10.7098,14.9531,13.9441,10.4504,7.1674,10.2631,11.6518,11.0358,17.7363,8.5259,13.589,12.1128,14.1786,13.3733,12.1478,7.7517,10.8576,16.2602,16.5413,14.1409,13.2597,15.285,9.4291,12.0701,14.1846,Atypical,Other
TCGA-CN-6011-01,13.663,7.7669,5.8376,10.9828,7.7517,8.6376,13.6641,8.2854,10.8639,10.326,11.6345,15.7794,14.5566,9.4656,7.872,10.8193,13.4938,7.7855,19.0929,18.6109,12.3856,10.9836,16.86,12.4369,8.6941,6.956,11.7938,17.1962,16.4775,14.193,13.2501,16.3823,9.3105,12.0516,13.6579,Basal,Other
TCGA-CN-6997-01,13.1362,6.288,6.9506,10.7422,8.4494,8.5812,15.1105,6.9472,12.2075,10.2499,10.8792,16.4258,15.4398,10.7191,8.7718,11.1555,13.2841,12.2839,17.4004,15.5761,14.3809,13.5517,14.4083,13.6166,12.5499,5.998,10.4244,16.8432,16.3647,13.934,12.0486,14.4408,10.5488,12.415,14.965,Classical,Other
TCGA-CR-7386-01,15.2586,7.924,8.1446,10.9974,9.9461,9.9298,17.5669,9.5321,15.3508,11.9274,12.119,19.6419,18.7064,11.9951,11.6036,12.9184,13.1983,7.0219,19.0292,19.8216,4.9196,8.9192,17.1337,14.0665,10.0524,4.945,11.2341,16.8822,16.153,13.7043,12.5958,17.2313,9.4493,11.8616,15.3296,Mesenchymal,MS
TCGA-BA-5555-01,12.3274,3.8966,5.9781,10.375,7.8302,8.1301,12.5012,4.5618,11.3556,9.7022,9.9247,13.957,13.6523,10.1176,7.0915,11.1504,14.1677,11.4102,18.2757,17.6968,13.4968,12.0529,17.9585,12.5055,11.3071,8.6602,11.0236,16.9299,16.4911,15.4757,12.0364,15.1495,10.0207,12.3171,14.9762,Atypical,Other
TCGA-CV-6956-01,11.8817,4.4793,6.4147,10.3166,7.7241,7.2815,13.8449,8.5868,11.6569,9.7128,11.4715,15.4007,14.4921,10.6703,7.8732,10.2697,13.6807,10.5395,18.5414,18.7093,12.1763,11.951,16.6407,12.4421,10.5742,8.4269,11.4485,17.0777,16.5269,14.3943,12.5092,15.7053,8.6452,12.1068,14.3901,Basal,Other
TCGA-CV-5435-01,13.532,5.6873,7.2094,10.9928,8.8909,8.2768,16.0594,6.1273,12.908,12.0065,11.0801,16.5258,15.4476,10.6634,8.7266,11.0863,14.1228,13.0271,18.3832,14.8703,15.0747,13.4531,14.0417,12.9436,9.3332,6.6404,10.4632,16.274,16.8372,14.8241,13.1488,13.953,10.359,11.4253,15.4733,Classical,Other
TCGA-D6-6824-01,14.5934,5.9366,6.8523,10.6097,9.4146,10.0786,15.3627,7.3961,14.087,11.9177,10.815,16.5184,15.9556,12.1739,9.5337,11.7044,13.3849,11.0304,17.0759,16.1698,13.3998,12.4871,15.1063,12.2711,12.2386,8.5116,11.6501,16.3427,15.5324,13.836,13.1683,16.309,9.2297,11.3681,14.4337,Atypical,Other
TCGA-BA-5151-01,12.9781,2.6638,5.8606,10.7553,8.382,9.3239,13.516,6.8746,12.9002,10.1367,11.2501,15.5258,15.0728,10.7953,8.8785,11.6765,13.8797,8.715,18.6418,18.6587,6.2781,11.0041,16.9051,12.8873,11.0235,8.4957,12.1749,17.154,15.4291,14.1607,13.2205,15.9018,9.5737,12.0145,15.9967,Basal,Other
TCGA-CV-7438-01,15.2363,9.7704,6.7891,10.6745,8.9825,9.0452,16.137,8.7692,13.9253,12.1846,11.6643,17.0072,15.4793,11.4098,10.2766,11.3463,11.9236,8.1227,18.1546,18.5293,11.9709,11.4658,15.9245,13.6175,9.5678,4.5782,10.5769,17.625,16.6669,15.1774,13.1342,15.7033,9.9849,12.5139,15.7565,Mesenchymal,MS
TCGA-CV-7090-01,14.8904,4.9331,7.7467,12.3811,8.5715,9.7487,15.6925,8.1168,13.3674,13.9579,12.2124,17.9585,17.1113,11.2961,8.9847,12.2903,12.4371,7.957,18.515,19.429,4.6711,9.0325,15.9761,10.0577,9.5435,1.5094,11.5503,17.9756,15.4756,15.0977,12.0472,17.1164,9.5219,12.2285,16.1107,Mesenchymal,MS
TCGA-CR-7372-01,13.5276,5.4079,6.2587,11.5595,8.9815,9.4291,14.3872,7.2615,13.9282,10.0349,11.9138,17.6612,16.8008,10.9629,9.4336,12.1667,14.0045,9.8894,19.1168,19.7693,8.4791,9.9945,17.576,12.5775,11.347,5.2531,11.7086,17.1646,15.8487,14.6779,12.2518,14.8748,9.4372,11.7511,15.4455,Basal,Other
TCGA-CV-7261-01,13.582,5.6197,7.3256,11.0663,8.9429,8.6749,15.5023,7.6802,13.5419,10.755,10.8079,17.0347,16.2046,11.9641,9.2951,12.2276,13.6305,12.8078,17.9814,16.9936,12.6098,12.2072,16.2419,12.1724,13.2226,8.5196,11.3754,16.3314,16.5562,14.6169,12.9014,15.1334,9.8285,11.5259,14.9687,Classical,Other
TCGA-CV-7235-01,14.6718,6.2356,9.0818,11.4799,8.9947,9.2088,16.2015,9.304,14.2246,12.7068,11.5516,18.5684,17.5663,11.7184,10.0798,12.0068,11.6615,9.6188,17.4417,17.0884,9.3226,11.0174,16.0705,13.5845,10.8798,6.4896,11.448,17.0041,15.8929,14.6518,13.4121,16.3139,10.6581,12.7417,14.6381,Mesenchymal,MS
TCGA-CN-6995-01,13.0447,4.2964,6.0727,9.5425,7.7727,8.3373,13.5361,7.396,11.9414,11.9504,12.795,15.2835,14.396,9.3195,8.9121,10.6411,12.9348,9.7532,17.6901,18.1424,12.174,12.7377,16.193,11.9682,12.8381,6.7371,11.3039,17.5818,17.3321,14.5622,12.9585,16.8342,10.4851,12.8348,15.8831,Basal,Other
TCGA-CV-6938-01,14.4337,2.388,5.6144,10.7466,6.9016,8.9452,13.711,6.0582,10.3328,11.8939,11.3421,13.8521,12.949,9.6455,8.9697,9.3759,12.9316,6.5678,18.3661,18.337,8.4899,11.9844,15.9301,10.5756,10.0956,2.388,11.1153,17.3671,16.0215,14.5609,13.5213,16.8803,9.5298,12.593,15.4863,Basal,Other
TCGA-BB-4223-01,13.6317,6.5828,6.1003,9.9946,8.5271,8.8569,14.9523,6.0681,9.2845,10.6784,10.9935,15.0852,14.3455,11.7688,8.4372,10.9184,12.8611,10.5561,18.3544,11.1268,14.0161,13.2095,16.1168,15.2798,12.4504,7.9496,11.4658,16.4649,16.5449,13.7928,13.8033,14.9963,9.4235,12.1757,14.4571,Atypical,Other
TCGA-CQ-5331-01,13.967,1.9357,6.1223,10.4333,7.9284,8.9844,13.7951,5.205,12.2874,10.1361,11.2499,15.3762,14.5448,10.8634,7.8536,11.0525,13.6395,9.0809,19.3416,19.8315,11.7135,11.9074,17.872,10.9509,11.1012,8.7574,11.6431,17.3446,15.8957,14.9719,13.1152,16.6056,9.3931,12.39,15.4867,Basal,Other
TCGA-CV-7242-01,12.4256,2.9294,5.3934,9.0787,7.8097,8.1153,11.2249,6.0194,11.1581,12.3227,11.0751,13.0885,12.5444,8.6678,6.6238,10.3492,14.4455,11.8156,17.3398,16.6018,13.4542,12.7226,15.9623,12.4229,12.8897,7.0412,10.9713,16.2439,16.0694,14.1671,13.2162,15.6176,10.1944,11.165,13.7333,Atypical,Other
TCGA-CN-5373-01,13.7501,6.9718,7.5269,10.4911,8.9671,9.621,16.3599,7.4421,14.0571,10.1565,12.015,17.7588,17.0354,10.8845,9.7533,12.1521,13.5323,7.0416,18.4112,20.2028,7.7488,9.4127,17.8941,13.3682,11.3345,7.0311,11.7523,16.5688,15.976,14.0277,11.7783,16.5967,8.8037,11.7254,15.5392,Basal,Other
TCGA-CN-5370-01,14.434,8.6169,8.362,11.186,9.5616,10.3079,17.1563,8.1185,13.6149,11.8184,11.2776,18.3392,17.4892,11.2468,10.9466,12.5674,12.8056,9.3401,17.6161,17.9305,11.2779,11.5297,15.3597,12.1444,11.6227,6.8578,11.3288,17.2667,16.3716,14.6317,12.907,16.4115,9.6948,12.0434,14.9677,Mesenchymal,MS
TCGA-CV-5432-01,13.436,8.3033,5.6079,11.304,7.0955,7.3993,13.4138,6.359,12.2341,8.6911,11.8613,15.6128,14.5476,9.6156,8.1393,10.9992,13.7376,11.7858,18.7846,18.8749,11.5693,11.521,16.0058,12.1339,11.6533,6.4343,10.9358,16.6778,17.8157,14.7844,12.442,14.2328,9.8852,13.0952,15.4343,Classical,Other
TCGA-CN-5364-01,13.6186,3.4263,5.7005,10.2604,8.3141,8.336,14.2756,6.6547,12.232,13.1055,11.3737,16.5208,15.7235,10.1583,9.2861,10.9198,13.6024,9.4498,18.7178,17.3448,11.8434,11.1529,15.4069,13.5904,11.5025,5.401,11.308,16.7507,16.8405,14.2261,13.6994,15.7838,9.9777,12.9492,15.3681,Atypical,Other
TCGA-CV-6962-01,13.0821,6.1364,6.8476,8.818,6.777,7.6327,15.6113,4.8105,10.3931,10.4934,10.5995,15.6038,14.1017,10.5981,7.3888,10.0081,13.9643,12.9695,17.2799,11.6886,14.1068,13.1498,14.9886,12.0636,13.0774,8.59,11.1674,16.692,17.422,13.9949,14.1055,13.1979,10.4125,12.5152,15.0908,Classical,Other
TCGA-CN-4726-01,13.7201,6.4106,6.4494,11.2799,8.2044,8.5902,15.4842,7.9676,12.3887,10.1427,11.1114,17.0933,17.2024,12.0422,10.6207,11.7568,13.6669,7.3363,19.2307,19.8429,7.2068,10.2176,17.3508,15.3409,11.8338,5.2738,11.3109,17.5162,16.8289,14.3765,13.1598,16.5134,9.8253,12.4472,16.3043,Basal,Other
TCGA-CR-7393-01,14.7162,5.9433,7.5886,9.8495,10.0077,10.9895,14.8866,8.794,14.0159,10.2332,11.167,16.3803,15.9731,10.3684,9.0202,12.9355,13.4444,7.0303,18.154,18.2004,8.9608,10.0695,17.1813,12.2153,13.9751,8.0785,11.7763,17.2134,15.5601,13.9246,13.268,15.5917,8.798,11.5459,14.8996,Atypical,Other
TCGA-BA-4076-01,13.1704,7.8006,5.8758,10.4161,7.9971,7.7488,13.7074,7.2786,11.4769,11.6029,12.3994,14.7266,13.5977,9.8308,8.6106,10.6494,14.2053,8.8849,17.9116,17.6781,12.0615,12.0513,16.0816,13.7526,11.0018,7.2087,11.5724,17.3337,17.4382,14.5734,13.3785,15.4157,10.6944,13.5912,15.2816,Basal,Other
TCGA-CR-6471-01,13.6755,3.6239,5.5812,10.0974,8.2409,9.0967,14.4069,6.8065,13.1613,11.8621,11.7392,16.841,16.1092,9.9591,9.3097,11.4814,13.7034,6.0238,19.3034,19.7938,8.1026,11.0962,17.4552,13.0987,11.2596,9.166,12.4898,17.1492,15.8406,14.4766,13.0642,16.0319,9.6873,12.0322,16.0508,Basal,Other
TCGA-DQ-5629-01,12.3945,4.7364,5.4671,10.7305,7.7635,7.3277,14.3529,7.4542,12.7117,9.4042,11.2204,16.2759,15.4304,10.7487,8.1287,11.0142,14.0711,11.9193,18.5038,17.9367,14.4365,12.5435,16.2663,10.8519,12.8255,8.1336,11.8532,16.8413,17.5308,14.4221,12.7372,14.7168,10.4948,12.3585,15.2024,Classical,Other
TCGA-CV-7424-01,14.3111,7.1705,6.8278,10.8166,9.6234,9.3243,16.7328,8.6091,14.3392,10.248,11.0236,17.9947,17.2652,12.9997,10.4954,11.9427,12.8614,13.2422,16.7684,15.2602,13.7465,11.9531,14.5343,10.8949,12.2532,6.7982,11.0213,16.8581,16.9081,14.4398,13.2698,15.4516,10.0208,12.7886,15.0263,Classical,Other
TCGA-CV-5434-01,14.9956,5.5265,7.0864,10.1346,9.3541,9.8477,17.055,7.6485,13.4849,14.4385,11.6892,17.6508,16.8014,12.187,9.8992,12.1478,13.0844,11.8407,17.5713,16.2375,13.5365,12.4594,15.0579,13.1198,13.4512,7.2777,11.3595,16.7287,16.3764,13.9705,12.7234,15.5786,10.5506,11.893,14.9361,Mesenchymal,MS
TCGA-CR-7397-01,15.0411,7.3911,8.4769,11.2619,10.2433,9.968,17.9604,9.0559,14.4129,13.7501,11.3004,19.4222,18.4129,12.8057,10.9081,13.4296,12.7413,7.3565,17.8267,17.4975,9.1576,11.0697,16.7319,12.6222,11.7397,7.2848,12.4437,17.2714,16.7864,14.4744,13.1112,15.4442,9.5877,12.0969,14.9567,Mesenchymal,MS
TCGA-CR-6474-01,15.1598,7.7559,9.0047,11.72,10.4348,10.1373,17.6349,9.6271,15.4973,11.3928,12.3822,18.7359,17.8514,11.9404,11.2646,13.5676,12.2116,8.7437,18.307,18.009,11.8836,11.6772,15.0549,13.1655,9.9682,5.0135,11.0311,18.1934,16.0584,14.8977,12.7943,16.078,10.3756,13.0739,15.423,Mesenchymal,MS
TCGA-HD-7229-01,12.0329,2.8537,5.295,12.2263,7.047,7.5363,12.7655,6.8102,10.4255,11.2823,12.4014,14.2941,13.2493,8.865,5.9634,10.0665,13.3126,7.4324,19.166,19.0513,10.2963,11.1597,16.0256,10.8909,10.3104,6.0723,11.6593,17.7906,16.3709,14.1052,12.2781,17.0417,9.2643,13.2078,15.2252,Basal,Other
TCGA-CV-6951-01,12.4972,4.7829,5.1388,10.8044,8.1646,7.4096,13.8648,6.0822,12.5853,7.5578,11.8519,15.8102,14.9119,9.689,8.0026,9.8795,13.4514,11.7274,18.4185,18.2192,11.6232,11.3966,16.4149,12.1813,12.9959,7.3616,11.4125,16.7535,16.8162,13.9636,13.2929,14.8314,10.4117,12.5394,15.3721,Classical,Other
TCGA-CQ-6220-01,12.0737,2.8964,5.4933,10.0318,7.317,7.7139,12.0957,7.2006,11.3577,10.7655,11.1755,14.5744,13.8056,9.2973,7.4515,10.4019,13.9659,9.2592,19.2271,20.1796,10.9303,11.6219,17.5364,13.4178,11.8659,8.454,11.6658,16.9759,16.5284,14.5592,11.8578,16.1267,9.843,12.6537,15.441,Basal,Other
TCGA-CN-5360-01,13.7259,5.1429,5.8491,9.6377,9.3396,9.9503,14.5493,7.1385,12.8055,12.202,10.9903,14.5922,14.2702,10.7627,8.4149,11.4763,13.1488,11.3044,17.0017,15.922,13.6531,11.4619,16.4086,12.8769,13.0985,7.6166,11.5995,16.4153,15.8269,13.7616,12.5475,15.8398,9.2413,11.049,13.7377,Atypical,Other
TCGA-CQ-5329-01,14.7987,9.7203,6.8272,11.7232,8.9483,8.8332,17.4228,8.3828,13.2966,12.1786,11.3527,16.6064,15.676,11.2263,10.5708,11.8904,12.4886,9.0549,18.4329,18.8498,12.4039,11.8807,15.6447,10.8916,9.0025,3.7491,10.6222,17.3134,16.466,14.9073,12.8578,16.5105,9.7478,12.76,15.2903,Mesenchymal,MS
TCGA-CR-7399-01,13.5287,2.503,7.5116,9.4106,8.0961,8.9116,13.3545,8.0722,11.9138,10.2182,10.9896,14.2677,13.5298,10.2076,7.2875,10.8712,13.5715,12.635,17.2691,10.1367,13.0806,11.8643,14.5575,14.0062,11.6395,7.3062,10.6799,16.8576,16.8249,15.0035,13.5836,16.1768,10.1259,12.1804,14.2536,Atypical,Other
TCGA-CV-6961-01,13.3654,8.2077,8.2618,10.2522,8.764,9.2663,16.2503,8.6272,12.9981,9.8734,12.3355,16.5196,15.4926,10.8066,9.3993,9.7998,13.0748,10.2164,17.3997,16.3725,14.8116,12.7675,15.6386,13.9223,11.841,6.9672,10.6823,17.6118,17.576,14.596,12.5943,15.6413,10.0656,12.4402,14.7633,Classical,Other
TCGA-CQ-6225-01,11.1166,1.6572,5.6388,10.5107,4.999,5.5083,11.1656,4.1597,10.4744,10.6838,11.8056,12.3781,10.917,8.7972,5.9039,6.9847,13.4883,11.3324,16.8303,17.2421,12.0418,12.1415,15.9652,15.168,12.9207,7.8857,11.6534,16.803,16.9889,13.9116,13.6981,14.1914,10.4798,12.8845,14.8958,Atypical,Other
TCGA-CR-6472-01,13.0447,4.3937,5.0238,10.1184,7.8088,8.2494,14.8322,6.1613,12.4662,7.2822,9.0783,16.3807,15.7089,11.2034,8.1838,11.1458,14.3511,11.9979,18.8784,10.1126,15.0098,13.0327,16.6573,16.2402,13.0299,10.2618,12.0076,16.4554,16.8077,15.204,13.5624,14.0039,9.5142,12.6835,15.5242,Atypical,Other
